Id,Position,First Name,Nickname,Last Name,FPPG,Played,Salary,Game,Team,Opponent,Injury Indicator,Injury Details,Tier,Roster Position
63499-55050,RB,Christian,Christian McCaffrey,McCaffrey,16.38000031,5,10400,NYJ@CAR,CAR,NYJ,,,,RB/FLEX
63499-54140,RB,Dalvin,Dalvin Cook,Cook,22.55714199,14,9400,MIN@CIN,MIN,CIN,,,,RB/FLEX
63499-39280,RB,Derrick,Derrick Henry,Henry,19.42353013,17,8900,ARI@TEN,TEN,ARI,,,,RB/FLEX
63499-57439,QB,Patrick,Patrick Mahomes,Mahomes,24.42222256,18,8800,CLE@KC,KC,CLE,,,,QB
63499-45889,WR,Davante,Davante Adams,Adams,20.95000076,16,8600,GB@NO,GB,NO,,,,WR/FLEX
63499-42104,RB,Alvin,Alvin Kamara,Kamara,21.58235258,17,8600,GB@NO,NO,GB,,,,RB/FLEX
63499-63115,QB,Lamar,Lamar Jackson,Jackson,22.14235373,17,8600,BAL@LV,BAL,LV,,,,QB
63499-33076,TE,Travis,Travis Kelce,Kelce,18.32000054,18,8500,CLE@KC,KC,CLE,,,,TE/FLEX
63499-53681,WR,Tyreek,Tyreek Hill,Hill,18.57222154,18,8500,CLE@KC,KC,CLE,,,,WR/FLEX
63499-64401,RB,Saquon,Saquon Barkley,Barkley,4.133333206,3,8500,DEN@NYG,NYG,DEN,Q,Knee - acl + mcl,,RB/FLEX
63499-63484,QB,Kyler,Kyler Murray,Murray,24.42124939,16,8400,ARI@TEN,ARI,TEN,,,,QB
63499-16606,WR,DeAndre,DeAndre Hopkins,Hopkins,14.39375019,16,8200,ARI@TEN,ARI,TEN,Q,Undisclosed,,WR/FLEX
63499-62239,QB,Josh,Josh Allen,Allen,25.14421001,19,8100,PIT@BUF,BUF,PIT,,,,QB
63499-64555,WR,Calvin,Calvin Ridley,Ridley,15.76666667,15,8100,PHI@ATL,ATL,PHI,,,,WR/FLEX
63499-6894,QB,Aaron,Aaron Rodgers,Rodgers,24.34111192,18,8000,GB@NO,GB,NO,,,,QB
63499-85671,WR,Justin,Justin Jefferson,Jefferson,14.38749981,16,8000,MIN@CIN,MIN,CIN,Q,Shoulder - ac joint,,WR/FLEX
63499-38791,RB,Ezekiel,Ezekiel Elliott,Elliott,13.1799998,15,8000,DAL@TB,DAL,TB,,,,RB/FLEX
63499-25079,WR,Stefon,Stefon Diggs,Diggs,16.74736906,19,7900,PIT@BUF,BUF,PIT,Q,Knee,,WR/FLEX
63499-89675,RB,Jonathan,Jonathan Taylor,Taylor,15.63749981,16,7900,SEA@IND,IND,SEA,,,,RB/FLEX
63499-6498,QB,Tom,Tom Brady,Brady,21.75299988,20,7800,DAL@TB,TB,DAL,,,,QB
63499-72846,WR,A.J.,A.J. Brown,Brown,15.3200002,15,7800,ARI@TEN,TEN,ARI,Q,Knee,,WR/FLEX
63499-22015,QB,Russell,Russell Wilson,Wilson,23.04352884,17,7800,SEA@IND,SEA,IND,,,,QB
63499-53562,RB,Nick,Nick Chubb,Chubb,15.36666667,15,7700,CLE@KC,CLE,KC,,,,RB/FLEX
63499-73048,WR,DK,DK Metcalf,Metcalf,14.93529376,17,7700,SEA@IND,SEA,IND,,,,WR/FLEX
63499-21948,QB,Ryan,Ryan Tannehill,Tannehill,21.20941162,17,7700,ARI@TEN,TEN,ARI,,,,QB
63499-31716,QB,Dak,Dak Prescott,Prescott,23.1899999,6,7600,DAL@TB,DAL,TB,,,,QB
63499-69189,QB,Justin,Justin Herbert,Herbert,22.85599976,15,7600,LAC@WAS,LAC,WAS,,,,QB
63499-32384,WR,Mike,Mike Evans,Evans,12.575,20,7600,DAL@TB,TB,DAL,,,,WR/FLEX
63499-69531,QB,Jalen,Jalen Hurts,Hurts,8.045714242,14,7600,PHI@ATL,PHI,ATL,,,,QB
63499-54879,QB,Deshaun,Deshaun Watson,Watson,23.52000046,16,7500,JAC@HOU,HOU,JAC,,,,QB
63499-6654,QB,Matthew,Matthew Stafford,Stafford,16.90999985,16,7400,CHI@LAR,LAR,CHI,,,,QB
63499-29253,WR,Keenan,Keenan Allen,Allen,13.93571472,14,7400,LAC@WAS,LAC,WAS,,,,WR/FLEX
63499-40442,RB,Aaron,Aaron Jones,Jones,16.03750038,16,7400,GB@NO,GB,NO,,,,RB/FLEX
63499-6616,QB,Matt,Matt Ryan,Ryan,18.34000015,16,7300,PHI@ATL,ATL,PHI,,,,QB
63499-39716,WR,Adam,Adam Thielen,Thielen,14.46666667,15,7300,MIN@CIN,MIN,CIN,Q,Thigh,,WR/FLEX
63499-55635,WR,Chris,Chris Godwin,Godwin,12.26875019,16,7200,DAL@TB,TB,DAL,Q,Quadriceps,,WR/FLEX
63499-52442,RB,Joe,Joe Mixon,Mixon,14.84999975,6,7200,MIN@CIN,CIN,MIN,,,,RB/FLEX
63499-22038,QB,Kirk,Kirk Cousins,Cousins,19.95000076,16,7200,MIN@CIN,MIN,CIN,,,,QB
63499-63336,QB,Joe,Joe Burrow,Burrow,17.87200012,10,7200,MIN@CIN,CIN,MIN,,,,QB
63499-6589,QB,Ben,Ben Roethlisberger,Roethlisberger,19.45375061,16,7100,PIT@BUF,PIT,BUF,,,,QB
63499-41535,QB,Baker,Baker Mayfield,Mayfield,16.16111077,18,7100,CLE@KC,CLE,KC,,,,QB
63499-73273,RB,David,David Montgomery,Montgomery,15.05624962,16,7100,CHI@LAR,CHI,LAR,,,,RB/FLEX
63499-25011,TE,Darren,Darren Waller,Waller,14.06875038,16,7000,BAL@LV,LV,BAL,,,,TE/FLEX
63499-90933,RB,Antonio,Antonio Gibson,Gibson,12.5799998,15,7000,LAC@WAS,WAS,LAC,,,,RB/FLEX
63499-39793,TE,George,George Kittle,Kittle,12.63749981,8,7000,SF@DET,SF,DET,,,,TE/FLEX
63499-14185,QB,Cam,Cam Newton,Newton,17.9986674,15,7000,MIA@NE,NE,MIA,,,,QB
63499-14190,WR,Julio,Julio Jones,Jones,13.39999983,9,7000,ARI@TEN,TEN,ARI,Q,Undisclosed,,WR/FLEX
63499-80001,RB,Austin,Austin Ekeler,Ekeler,12.57272755,11,6900,LAC@WAS,LAC,WAS,,,,RB/FLEX
63499-56250,WR,Terry,Terry McLaurin,McLaurin,11.92500019,16,6900,LAC@WAS,WAS,LAC,,,,WR/FLEX
63499-54604,QB,Jimmy,Jimmy Garoppolo,Garoppolo,11.55666606,6,6900,SF@DET,SF,DET,,,,QB
63499-28643,WR,Allen,Allen Robinson II,Robinson II,12.96470552,17,6900,CHI@LAR,CHI,LAR,,,,WR/FLEX
63499-14377,QB,Tyrod,Tyrod Taylor,Taylor,4.510000229,2,6800,JAC@HOU,HOU,JAC,,,,QB
63499-27050,WR,Tyler,Tyler Lockett,Lockett,12.98235276,17,6800,SEA@IND,SEA,IND,Q,Groin,,WR/FLEX
63499-72731,RB,Josh,Josh Jacobs,Jacobs,14.3200002,15,6800,BAL@LV,LV,BAL,Q,Undisclosed,,RB/FLEX
63499-85741,RB,Clyde,Clyde Edwards-Helaire,Edwards-Helaire,11.65999959,15,6800,CLE@KC,KC,CLE,Q,Ankle,,RB/FLEX
63499-89951,QB,Trevor,Trevor Lawrence,Lawrence,,,6800,JAC@HOU,JAC,HOU,,,,QB
63499-63519,QB,Daniel,Daniel Jones,Jones,13.57285745,14,6700,DEN@NYG,NYG,DEN,,,,QB
63499-24849,QB,Jameis,Jameis Winston,Winston,2.160000086,4,6700,GB@NO,NO,GB,,,,QB
63499-45565,QB,Taysom,Taysom Hill,Hill,9.15411736,17,6700,GB@NO,NO,GB,,,,QB
63499-64119,RB,Chris,Chris Carson,Carson,13.69230769,13,6700,SEA@IND,SEA,IND,,,,RB/FLEX
63499-45859,QB,Derek,Derek Carr,Carr,17.56999969,16,6700,BAL@LV,LV,BAL,,,,QB
63499-63043,WR,DJ,DJ Moore,Moore,11.9,15,6700,NYJ@CAR,CAR,NYJ,,,,WR/FLEX
63499-71845,RB,Miles,Miles Sanders,Sanders,13.03333282,12,6600,PHI@ATL,PHI,ATL,,,,RB/FLEX
63499-31001,WR,Amari,Amari Cooper,Cooper,11.92500019,16,6600,DAL@TB,DAL,TB,,,,WR/FLEX
63499-90572,QB,Tua,Tua Tagovailoa,Tagovailoa,12.88727223,11,6600,MIA@NE,MIA,NE,,,,QB
63499-66008,WR,Diontae,Diontae Johnson,Johnson,11.47058824,17,6600,PIT@BUF,PIT,BUF,,,,WR/FLEX
63499-33259,QB,Teddy,Teddy Bridgewater,Bridgewater,16.81466675,15,6600,DEN@NYG,DEN,NYG,,,,QB
63499-64051,QB,Drew,Drew Lock,Lock,15.10153902,13,6600,DEN@NYG,DEN,NYG,,,,QB
63499-7659,QB,Ryan,Ryan Fitzpatrick,Fitzpatrick,17.91555617,9,6600,LAC@WAS,WAS,LAC,,,,QB
63499-53331,QB,Taylor,Taylor Heinicke,Heinicke,18.76000023,2,6500,LAC@WAS,WAS,LAC,,,,QB
63499-63589,QB,Sam,Sam Darnold,Darnold,11.15538494,13,6500,NYJ@CAR,CAR,NYJ,,,,QB
63499-90406,QB,Zach,Zach Wilson,Wilson,,,6500,NYJ@CAR,NYJ,CAR,,,,QB
63499-90575,RB,Najee,Najee Harris,Harris,,,6500,PIT@BUF,PIT,BUF,,,,RB/FLEX
63499-31360,WR,Odell,Odell Beckham Jr.,Beckham Jr.,10.75999996,7,6500,CLE@KC,CLE,KC,Q,Knee - acl,,WR/FLEX
63499-70324,QB,Carson,Carson Wentz,Wentz,17.78333282,12,6500,SEA@IND,IND,SEA,Q,Foot,,QB
63499-29685,WR,Robert,Robert Woods,Woods,12.29999966,18,6500,CHI@LAR,LAR,CHI,,,,WR/FLEX
63499-40167,RB,Gus,Gus Edwards,Edwards,7.316666497,18,6500,BAL@LV,BAL,LV,,,,RB/FLEX
63499-91591,QB,Justin,Justin Fields,Fields,,,6500,CHI@LAR,CHI,LAR,,,,QB
63499-38435,QB,Jared,Jared Goff,Goff,16.3023538,17,6500,SF@DET,DET,SF,,,,QB
63499-85798,WR,Brandon,Brandon Aiyuk,Aiyuk,12.875,12,6500,SF@DET,SF,DET,Q,Hamstring,,WR/FLEX
63499-14225,QB,Andy,Andy Dalton,Dalton,13.12727217,11,6500,CHI@LAR,CHI,LAR,,,,QB
63499-28573,WR,Michael,Michael Thomas,Thomas,8.855555216,9,6500,GB@NO,NO,GB,NA,Ankle,,WR/FLEX
63499-70157,RB,Darrell,Darrell Henderson Jr.,Henderson Jr.,8.153333537,15,6400,CHI@LAR,LAR,CHI,Q,Thumb,,RB/FLEX
63499-6714,QB,Joe,Joe Flacco,Flacco,11.55199966,5,6400,PHI@ATL,PHI,ATL,,,,QB
63499-31394,WR,Jarvis,Jarvis Landry,Landry,10.6564708,17,6400,CLE@KC,CLE,KC,,,,WR/FLEX
63499-55987,WR,JuJu,JuJu Smith-Schuster,Smith-Schuster,12.57647077,17,6400,PIT@BUF,PIT,BUF,,,,WR/FLEX
63499-91598,RB,D'Andre,D'Andre Swift,Swift,12.83076947,13,6400,SF@DET,DET,SF,,,,RB/FLEX
63499-52922,RB,Leonard,Leonard Fournette,Fournette,11.98750019,16,6400,DAL@TB,TB,DAL,,,,RB/FLEX
63499-69333,QB,Jacob,Jacob Eason,Eason,0,1,6400,SEA@IND,IND,SEA,,,,QB
63499-149696,QB,Trey,Trey Lance,Lance,,,6300,SF@DET,SF,DET,Q,Finger,,QB
63499-92560,QB,Sam,Sam Ehlinger,Ehlinger,,,6300,SEA@IND,IND,SEA,IR,Knee,,QB
63499-31170,QB,Brandon,Brandon Allen,Allen,8.950000127,6,6300,MIN@CIN,CIN,MIN,,,,QB
63499-86631,WR,CeeDee,CeeDee Lamb,Lamb,11.29374981,16,6300,DAL@TB,DAL,TB,,,,WR/FLEX
63499-56018,WR,Deebo,Deebo Samuel,Samuel,9.171428135,7,6300,SF@DET,SF,DET,,,,WR/FLEX
63499-29501,WR,Brandin,Brandin Cooks,Cooks,12.76666667,15,6300,JAC@HOU,HOU,JAC,,,,WR/FLEX
63499-32158,QB,Garrett,Garrett Gilbert,Gilbert,7.760000229,2,6300,MIA@NE,NE,MIA,,,,QB
63499-30231,QB,Jacoby,Jacoby Brissett,Brissett,1.583076917,13,6300,MIA@NE,MIA,NE,,,,QB
63499-38628,QB,Mitchell,Mitchell Trubisky,Trubisky,13.4353849,13,6300,PIT@BUF,BUF,PIT,,,,QB
63499-79970,WR,Cooper,Cooper Kupp,Kupp,10.78125,16,6200,CHI@LAR,LAR,CHI,,,,WR/FLEX
63499-31047,QB,AJ,AJ McCarron,McCarron,0.400000006,2,6200,PHI@ATL,ATL,PHI,IR,Knee - acl,,QB
63499-61798,QB,Gardner,Gardner Minshew II,Minshew II,18.35111152,9,6200,PHI@ATL,PHI,ATL,,,,QB
63499-22994,QB,Case,Case Keenum,Keenum,1.840000033,1,6200,CLE@KC,CLE,KC,,,,QB
63499-90584,QB,Mac,Mac Jones,Jones,,,6200,MIA@NE,NE,MIA,,,,QB
63499-86687,WR,Marquise,Marquise Brown,Brown,10.05555556,18,6200,BAL@LV,BAL,LV,,,,WR/FLEX
63499-29358,QB,Marcus,Marcus Mariota,Mariota,26.84000015,1,6200,BAL@LV,LV,BAL,Q,Quadriceps,,QB
63499-41827,QB,P.J.,P.J. Walker,Walker,2.704000092,5,6200,NYJ@CAR,CAR,NYJ,,,,QB
63499-54244,WR,Kenny,Kenny Golladay,Golladay,11.15999985,5,6200,DEN@NYG,NYG,DEN,Q,Hamstring,,WR/FLEX
63499-52436,TE,Mark,Mark Andrews,Andrews,9.5,16,6200,BAL@LV,BAL,LV,,,,TE/FLEX
63499-69017,QB,Jordan,Jordan Love,Love,,,6200,GB@NO,GB,NO,,,,QB
63499-26251,WR,Robby,Robby Anderson,Anderson,11.03750038,16,6200,NYJ@CAR,CAR,NYJ,,,,WR/FLEX
63499-61276,QB,James,James Morgan,Morgan,0,1,6200,NYJ@CAR,CAR,NYJ,,,,QB
63499-30635,RB,Mike,Mike Davis,Davis,12.64285714,14,6200,PHI@ATL,ATL,PHI,,,,RB/FLEX
63499-28744,RB,Raheem,Raheem Mostert,Mostert,11.46249962,8,6100,SF@DET,SF,DET,,,,RB/FLEX
63499-70051,QB,Tyler,Tyler Huntley,Huntley,2.125,4,6100,BAL@LV,BAL,LV,,,,QB
63499-53729,QB,Mason,Mason Rudolph,Rudolph,4.840000153,4,6100,PIT@BUF,PIT,BUF,,,,QB
63499-33260,WR,DeVante,DeVante Parker,Parker,9.628571647,14,6100,MIA@NE,MIA,NE,,,,WR/FLEX
63499-8803,QB,Chase,Chase Daniel,Daniel,2.831999969,5,6100,LAC@WAS,LAC,WAS,Q,Arm,,QB
63499-25410,QB,Mike,Mike Glennon,Glennon,9.36857169,7,6100,DEN@NYG,NYG,DEN,,,,QB
63499-56192,QB,John,John Wolford,Wolford,3.799999952,4,6100,CHI@LAR,LAR,CHI,Q,Appendix,,QB
63499-52606,QB,David,David Blough,Blough,1.379999995,2,6100,SF@DET,DET,SF,,,,QB
63499-52917,WR,DJ,DJ Chark Jr.,Chark Jr.,9.77692296,13,6100,JAC@HOU,JAC,HOU,Q,Finger,,WR/FLEX
63499-38767,QB,Chris,Chris Streveler,Streveler,2.174999952,4,6100,ARI@TEN,ARI,TEN,,,,QB
63499-26483,QB,Geno,Geno Smith,Smith,0.560000002,2,6100,SEA@IND,SEA,IND,,,,QB
63499-71710,QB,Nate,Nate Stanley,Stanley,,,6000,MIN@CIN,MIN,CIN,IR,Undisclosed,,QB
63499-30761,QB,Nathan,Nathan Peterman,Peterman,1.899999976,1,6000,BAL@LV,LV,BAL,,,,QB
63499-86080,TE,Kyle,Kyle Pitts,Pitts,,,6000,PHI@ATL,ATL,PHI,,,,TE/FLEX
63499-71798,QB,Anthony,Anthony Gordon,Gordon,0,1,6000,CLE@KC,KC,CLE,,,,QB
63499-39034,QB,Kurt,Kurt Benkert,Benkert,0,1,6000,GB@NO,GB,NO,,,,QB
63499-63611,QB,Kyle,Kyle Shurmur,Shurmur,,,6000,MIN@CIN,CIN,MIN,,,,QB
63499-69769,QB,Darius,Darius Bradwell,Bradwell,0,1,6000,LAC@WAS,LAC,WAS,,,,QB
63499-45229,RB,Kareem,Kareem Hunt,Hunt,12.66666667,18,6000,CLE@KC,CLE,KC,,,,RB/FLEX
63499-57537,QB,DeShone,DeShone Kizer,Kizer,,,6000,ARI@TEN,TEN,ARI,,,,QB
63499-69833,QB,Shane,Shane Buechele,Buechele,,,6000,CLE@KC,KC,CLE,,,,QB
63499-45259,QB,Logan,Logan Woodside,Woodside,0.255999994,5,6000,ARI@TEN,TEN,ARI,,,,QB
63499-61751,QB,Josh,Josh Thomas,Thomas,,,6000,PIT@BUF,BUF,PIT,,,,QB
63499-149889,QB,Kenji,Kenji Bahar,Bahar,,,6000,BAL@LV,BAL,LV,,,,QB
63499-61982,QB,Tommy,Tommy Stevens,Stevens,2.400000095,1,6000,DEN@NYG,NYG,DEN,,,,QB
63499-94797,QB,Kellen,Kellen Mond,Mond,,,6000,MIN@CIN,MIN,CIN,,,,QB
63499-41562,QB,Nick,Nick Mullens,Mullens,11.66181807,11,6000,CLE@KC,CLE,KC,,,,QB
63499-64115,QB,Steven,Steven Montez,Montez,0,1,6000,SF@DET,DET,SF,,,,QB
63499-29445,QB,Sean,Sean Mannion,Mannion,0.180000007,3,6000,MIN@CIN,MIN,CIN,,,,QB
63499-39795,QB,Davis,Davis Webb,Webb,,,6000,PIT@BUF,BUF,PIT,,,,QB
63499-62364,QB,Josh,Josh Rosen,Rosen,4.595999908,5,6000,PHI@ATL,ATL,PHI,,,,QB
63499-29605,QB,Matt,Matt Barkley,Barkley,2.569999933,4,6000,ARI@TEN,TEN,ARI,,,,QB
63499-33702,QB,Ryan,Ryan Griffin,Griffin,0.310000002,2,6000,DAL@TB,TB,DAL,,,,QB
63499-56286,QB,Trace,Trace McSorley,McSorley,3.100000064,3,6000,BAL@LV,BAL,LV,,,,QB
63499-62566,QB,Travis,Travis Jonsen,Jonsen,,,6000,DAL@TB,TB,DAL,,,,QB
63499-52342,QB,Will,Will Grier,Grier,0,2,6000,DAL@TB,DAL,TB,,,,QB
63499-64637,QB,Brian,Brian Lewerke,Lewerke,0,1,6000,DEN@NYG,NYG,DEN,,,,QB
63499-83079,QB,Kyle,Kyle Lauletta,Lauletta,,,6000,JAC@HOU,JAC,HOU,,,,QB
63499-27801,QB,Nate,Nate Sudfeld,Sudfeld,-0.25999999,2,6000,SF@DET,SF,DET,,,,QB
63499-29915,QB,Brett,Brett Hundley,Hundley,0,2,6000,SEA@IND,IND,SEA,,,,QB
63499-130269,QB,Reid,Reid Sinnett,Sinnett,0,1,6000,MIA@NE,MIA,NE,,,,QB
63499-54507,QB,Alex,Alex McGough,McGough,,,6000,SEA@IND,SEA,IND,,,,QB
63499-11500,QB,Colt,Colt McCoy,McCoy,3.840000153,5,6000,ARI@TEN,ARI,TEN,,,,QB
63499-130334,QB,Jalen,Jalen Morton,Morton,,,6000,SEA@IND,IND,SEA,,,,QB
63499-130337,QB,Case,Case Cookus,Cookus,0,1,6000,BAL@LV,LV,BAL,,,,QB
63499-27986,QB,C.J.,C.J. Beathard,Beathard,7.468571254,7,6000,JAC@HOU,JAC,HOU,,,,QB
63499-60787,QB,Bryce,Bryce Perkins,Perkins,0,2,6000,CHI@LAR,LAR,CHI,,,,QB
63499-103824,QB,Easton,Easton Stick,Stick,-0.039999999,1,6000,LAC@WAS,LAC,WAS,,,,QB
63499-73111,WR,Chase,Chase Claypool,Claypool,12.01764724,17,6000,PIT@BUF,PIT,BUF,,,,WR/FLEX
63499-73118,QB,Ian,Ian Book,Book,,,6000,GB@NO,NO,GB,,,,QB
63499-60840,QB,Jake,Jake Browning,Browning,,,6000,MIN@CIN,CIN,MIN,,,,QB
63499-40407,QB,Josh,Josh Dobbs,Dobbs,1.039999962,2,6000,PIT@BUF,PIT,BUF,IR,Toe,,QB
63499-73183,QB,Dwayne,Dwayne Haskins Jr.,Haskins Jr.,9.395000458,8,6000,PIT@BUF,PIT,BUF,,,,QB
63499-91639,QB,Jake,Jake Fromm,Fromm,,,6000,PIT@BUF,BUF,PIT,,,,QB
63499-60930,RB,Myles,Myles Gaskin,Gaskin,14.36999969,10,6000,MIA@NE,MIA,NE,,,,RB/FLEX
63499-34308,QB,Blake,Blake Bortles,Bortles,0,1,6000,GB@NO,GB,NO,,,,QB
63499-22027,QB,Nick,Nick Foles,Foles,12.46444448,9,6000,CHI@LAR,CHI,LAR,,,,QB
63499-60947,QB,Jarrett,Jarrett Stidham,Stidham,2.656666597,6,6000,MIA@NE,NE,MIA,NA,Back,,QB
63499-89628,QB,Davis,Davis Mills,Mills,,,6000,JAC@HOU,HOU,JAC,,,,QB
63499-40482,QB,Tim,Tim Boyle,Boyle,-0.112499997,8,6000,SF@DET,DET,SF,IR,Thumb,,QB
63499-30253,QB,Jeff,Jeff Driskel,Driskel,8.020000458,4,6000,JAC@HOU,HOU,JAC,,,,QB
63499-61042,QB,Kendall,Kendall Hinton,Hinton,-0.389999986,2,6000,DEN@NYG,DEN,NYG,,,,QB
63499-95893,QB,Devlin,Devlin Hodges,Hodges,0,1,6000,CHI@LAR,LAR,CHI,,,,QB
63499-7844,QB,Chad,Chad Henne,Henne,6.639999866,4,6000,CLE@KC,KC,CLE,,,,QB
63499-44715,QB,Cooper,Cooper Rush,Rush,0,1,6000,DAL@TB,DAL,TB,,,,QB
63499-69302,QB,Feleipe,Feleipe Franks,Franks,,,6000,PHI@ATL,ATL,PHI,,,,QB
63499-69304,QB,Kyle,Kyle Trask,Trask,,,6000,DAL@TB,TB,DAL,,,,QB
63499-7872,QB,Brian,Brian Hoyer,Hoyer,1.5,2,6000,MIA@NE,NE,MIA,,,,QB
63499-52929,QB,Jake,Jake Luton,Luton,6.851999664,5,6000,SEA@IND,SEA,IND,,,,QB
63499-61157,QB,Brett,Brett Rypien,Rypien,5.100000064,3,6000,DEN@NYG,DEN,NYG,,,,QB
63499-28434,QB,Trevor,Trevor Siemian,Siemian,0.119999997,1,6000,GB@NO,NO,GB,,,,QB
63499-104281,QB,Jake,Jake Dolegala,Dolegala,0,1,6000,GB@NO,GB,NO,,,,QB
63499-53095,QB,Kyle,Kyle Allen,Allen,11.5,4,6000,LAC@WAS,WAS,LAC,,,,QB
63499-55148,QB,Clayton,Clayton Thorson,Thorson,0,1,6000,DEN@NYG,NYG,DEN,Q,Concussion,,QB
63499-14194,QB,Blaine,Blaine Gabbert,Gabbert,3.829999924,4,6000,DAL@TB,TB,DAL,,,,QB
63499-89981,WR,Tee,Tee Higgins,Higgins,10.74000041,15,6000,MIN@CIN,CIN,MIN,,,,WR/FLEX
63499-38837,QB,Danny,Danny Etling,Etling,0,1,6000,MIN@CIN,MIN,CIN,,,,QB
63499-63469,QB,Ben,Ben DiNucci,DiNucci,2.320000013,3,6000,DAL@TB,DAL,TB,,,,QB
63499-71672,QB,KJ,KJ Costello,Costello,,,6000,LAC@WAS,LAC,WAS,,,,QB
63499-63591,RB,Ronald,Ronald Jones II,Jones II,10.952941,17,5900,DAL@TB,TB,DAL,,,,RB/FLEX
63499-24755,WR,Jamison,Jamison Crowder,Crowder,11.87666702,12,5900,NYJ@CAR,NYJ,CAR,IR,Illness,,WR/FLEX
63499-83074,TE,Dallas,Dallas Goedert,Goedert,7.78333346,12,5900,PHI@ATL,PHI,ATL,,,,TE/FLEX
63499-83081,RB,Chase,Chase Edmonds,Edmonds,8.84375,16,5900,ARI@TEN,ARI,TEN,,,,RB/FLEX
63499-130288,RB,James,James Robinson,Robinson,16.13571385,14,5900,JAC@HOU,JAC,HOU,,,,RB/FLEX
63499-40669,WR,Tyler,Tyler Boyd,Boyd,10.20933329,15,5900,MIN@CIN,CIN,MIN,,,,WR/FLEX
63499-57403,WR,Courtland,Courtland Sutton,Sutton,4.050000191,2,5800,DEN@NYG,DEN,NYG,,,,WR/FLEX
63499-69956,WR,Michael,Michael Gallup,Gallup,8.987500191,16,5800,DAL@TB,DAL,TB,,,,WR/FLEX
63499-45439,WR,Corey,Corey Davis,Davis,10.59333293,15,5800,NYJ@CAR,NYJ,CAR,,,,WR/FLEX
63499-64576,RB,Damien,Damien Harris,Harris,8.880000305,10,5800,MIA@NE,NE,MIA,,,,RB/FLEX
63499-22103,WR,Marvin,Marvin Jones Jr.,Jones Jr.,11.86250019,16,5800,JAC@HOU,JAC,HOU,Q,Shoulder - ac joint,,WR/FLEX
63499-71706,TE,T.J.,T.J. Hockenson,Hockenson,8.862500191,16,5700,SF@DET,DET,SF,Q,Shoulder - ac joint,,TE/FLEX
63499-39829,WR,Mike,Mike Williams,Williams,9.264285496,14,5700,LAC@WAS,LAC,WAS,,,,WR/FLEX
63499-62497,RB,David,David Johnson,Johnson,13.58333333,12,5700,JAC@HOU,HOU,JAC,,,,RB/FLEX
63499-42028,WR,Will,Will Fuller V,Fuller V,14.76363581,11,5700,MIA@NE,MIA,NE,IR,Foot,,WR/FLEX
63499-11612,WR,Antonio,Antonio Brown,Brown,10.07500013,12,5700,DAL@TB,TB,DAL,Q,Knee,,WR/FLEX
63499-52916,WR,Russell,Russell Gage,Gage,9.066249847,16,5700,PHI@ATL,ATL,PHI,,,,WR/FLEX
63499-28900,RB,Melvin,Melvin Gordon III,Gordon III,11.39999962,16,5600,DEN@NYG,DEN,NYG,,,,RB/FLEX
63499-29683,WR,Nelson,Nelson Agholor,Agholor,10.10000038,16,5600,MIA@NE,NE,MIA,,,,WR/FLEX
63499-93541,RB,Javonte,Javonte Williams,Williams,,,5600,DEN@NYG,DEN,NYG,,,,RB/FLEX
63499-56809,WR,Allen,Allen Lazard,Lazard,8.883333206,12,5600,GB@NO,GB,NO,,,,WR/FLEX
63499-34295,WR,Breshad,Breshad Perriman,Perriman,7.008333206,12,5600,CHI@LAR,CHI,LAR,,,,WR/FLEX
63499-22031,WR,T.Y.,T.Y. Hilton,Hilton,8.774999619,16,5600,SEA@IND,IND,SEA,IR,Neck,,WR/FLEX
63499-26355,TE,Logan,Logan Thomas,Thomas,8.854117898,17,5600,LAC@WAS,WAS,LAC,,,,TE/FLEX
63499-87859,WR,Laviska,Laviska Shenault Jr.,Shenault Jr.,9.150000436,14,5600,JAC@HOU,JAC,HOU,,,,WR/FLEX
63499-69777,WR,Darnell,Darnell Mooney,Mooney,7.599999905,16,5500,CHI@LAR,CHI,LAR,,,,WR/FLEX
63499-90561,WR,Jerry,Jerry Jeudy,Jeudy,8.225000381,16,5500,DEN@NYG,DEN,NYG,,,,WR/FLEX
63499-27477,WR,Sterling,Sterling Shepard,Shepard,9.961538462,13,5500,DEN@NYG,NYG,DEN,,,,WR/FLEX
63499-56265,TE,Mike,Mike Gesicki,Gesicki,8.853333537,15,5500,MIA@NE,MIA,NE,,,,TE/FLEX
63499-54606,WR,John,John Brown,Brown,7.825000127,12,5500,BAL@LV,LV,BAL,,,,WR/FLEX
63499-52613,WR,Curtis,Curtis Samuel,Samuel,10.85000038,16,5500,LAC@WAS,WAS,LAC,Q,Groin,,WR/FLEX
63499-85701,WR,Ja'Marr,Ja'Marr Chase,Chase,,,5500,MIN@CIN,CIN,MIN,,,,WR/FLEX
63499-40687,RB,James,James Conner,Conner,11.7357145,14,5500,ARI@TEN,ARI,TEN,,,,RB/FLEX
63499-22288,WR,Cole,Cole Beasley,Beasley,10.44444444,18,5500,PIT@BUF,BUF,PIT,,,,WR/FLEX
63499-89956,RB,Travis,Travis Etienne,Etienne,,,5500,JAC@HOU,JAC,HOU,IR,Foot,,RB/FLEX
63499-57342,WR,Tre'Quan,Tre'Quan Smith,Smith,7.721428462,14,5500,GB@NO,NO,GB,Q,Undisclosed,,WR/FLEX
63499-71705,TE,Noah,Noah Fant,Fant,7.88666687,15,5400,DEN@NYG,DEN,NYG,Q,Leg,,TE/FLEX
63499-63625,RB,Nyheim,Nyheim Hines,Hines,10.02941176,17,5400,SEA@IND,IND,SEA,,,,RB/FLEX
63499-63634,WR,Jakobi,Jakobi Meyers,Meyers,8.693845896,13,5400,MIA@NE,NE,MIA,,,,WR/FLEX
63499-30989,RB,Kenyan,Kenyan Drake,Drake,11.9799998,15,5400,BAL@LV,LV,BAL,,,,RB/FLEX
63499-70027,RB,Zack,Zack Moss,Moss,7.235714504,14,5400,PIT@BUF,BUF,PIT,,,,RB/FLEX
63499-94625,WR,Jalen,Jalen Reagor,Reagor,5.974999746,12,5400,PHI@ATL,PHI,ATL,,,,WR/FLEX
63499-80353,TE,Robert,Robert Tonyan,Tonyan,9.929411944,17,5400,GB@NO,GB,NO,,,,TE/FLEX
63499-47870,TE,Tyler,Tyler Higbee,Higbee,6.033333249,18,5400,CHI@LAR,LAR,CHI,,,,TE/FLEX
63499-62535,WR,Tyrell,Tyrell Williams,Williams,9.392307575,13,5400,SF@DET,DET,SF,Q,Groin,,WR/FLEX
63499-27776,RB,Tevin,Tevin Coleman,Coleman,1.528571401,7,5400,NYJ@CAR,NYJ,CAR,,,,RB/FLEX
63499-71352,WR,Mecole,Mecole Hardman,Hardman,6.715789393,19,5400,CLE@KC,KC,CLE,,,,WR/FLEX
63499-14187,WR,A.J.,A.J. Green,Green,5.487500191,16,5400,ARI@TEN,ARI,TEN,,,,WR/FLEX
63499-14257,WR,Randall,Randall Cobb,Cobb,8.109999847,10,5400,GB@NO,GB,NO,,,,WR/FLEX
63499-24641,WR,Sammy,Sammy Watkins,Watkins,6.518181541,11,5300,BAL@LV,BAL,LV,,,,WR/FLEX
63499-90537,WR,Henry,Henry Ruggs III,Ruggs III,5.469230652,13,5300,BAL@LV,LV,BAL,,,,WR/FLEX
63499-90576,WR,DeVonta,DeVonta Smith,Smith,,,5300,PHI@ATL,PHI,ATL,,,,WR/FLEX
63499-6739,WR,DeSean,DeSean Jackson,Jackson,6.299999873,6,5300,CHI@LAR,LAR,CHI,,,,WR/FLEX
63499-39580,RB,Devontae,Devontae Booker,Booker,5.146666463,15,5300,DEN@NYG,NYG,DEN,,,,RB/FLEX
63499-70603,RB,Devin,Devin Singletary,Singletary,7.331579108,19,5300,PIT@BUF,BUF,PIT,,,,RB/FLEX
63499-72725,TE,Irv,Irv Smith Jr.,Smith Jr.,6.958333333,12,5300,MIN@CIN,MIN,CIN,IR,Knee - meniscus,,TE/FLEX
63499-11505,WR,Emmanuel,Emmanuel Sanders,Sanders,8.962499619,16,5300,PIT@BUF,BUF,PIT,,,,WR/FLEX
63499-93539,RB,Michael,Michael Carter,Carter,,,5300,NYJ@CAR,NYJ,CAR,Q,Undisclosed,,RB/FLEX
63499-34331,RB,Latavius,Latavius Murray,Murray,8.356249809,16,5300,GB@NO,NO,GB,,,,RB/FLEX
63499-69213,WR,Michael,Michael Pittman Jr.,Pittman Jr.,6.1,15,5300,SEA@IND,IND,SEA,,,,WR/FLEX
63499-91872,RB,Joshua,Joshua Kelley,Kelley,5.361538227,13,5300,LAC@WAS,LAC,WAS,,,,RB/FLEX
63499-104176,WR,Deonte,Deonte Harris,Harris,4.518181888,11,5300,GB@NO,NO,GB,,,,WR/FLEX
63499-40845,TE,Hunter,Hunter Henry,Henry,8.235714504,14,5300,MIA@NE,NE,MIA,Q,Shoulder,,TE/FLEX
63499-30733,WR/RB,Cordarrelle,Cordarrelle Patterson,Patterson,3.476470498,17,5200,PHI@ATL,ATL,PHI,,,,RB/WR/FLEX
63499-53640,RB,Sony,Sony Michel,Michel,7.977778117,9,5200,CHI@LAR,LAR,CHI,,,,RB/FLEX
63499-55689,RB,Ito,Ito Smith,Smith,3.253333282,15,5200,MIN@CIN,MIN,CIN,,,,RB/FLEX
63499-90573,WR,Jaylen,Jaylen Waddle,Waddle,,,5200,MIA@NE,MIA,NE,,,,WR/FLEX
63499-41426,RB,Phillip,Phillip Lindsay,Lindsay,5.681818182,11,5200,JAC@HOU,HOU,JAC,,,,RB/FLEX
63499-86646,RB,Trey,Trey Sermon,Sermon,,,5200,SF@DET,SF,DET,,,,RB/FLEX
63499-25272,TE,Eric,Eric Ebron,Ebron,8.09375,16,5200,PIT@BUF,PIT,BUF,,,,TE/FLEX
63499-41936,WR,Anthony,Anthony Miller,Miller,5.152941087,17,5200,JAC@HOU,HOU,JAC,Q,Shoulder,,WR/FLEX
63499-11460,TE,Rob,Rob Gronkowski,Gronkowski,7.690000153,20,5200,DAL@TB,TB,DAL,,,,TE/FLEX
63499-60858,WR,Christian,Christian Kirk,Kirk,8.742857252,14,5200,ARI@TEN,ARI,TEN,,,,WR/FLEX
63499-71246,WR,Marquez,Marquez Callaway,Callaway,3.533333249,9,5200,GB@NO,NO,GB,,,,WR/FLEX
63499-7761,TE,Jared,Jared Cook,Cook,6.952940997,17,5200,LAC@WAS,LAC,WAS,,,,TE/FLEX
63499-40647,WR,Marquez,Marquez Valdes-Scantling,Valdes-Scantling,9.100000381,16,5200,GB@NO,GB,NO,,,,WR/FLEX
63499-86192,WR,KJ,KJ Hamler,Hamler,5.77692296,13,5100,DEN@NYG,DEN,NYG,Q,Illness,,WR/FLEX
63499-63759,RB,Tony,Tony Pollard,Pollard,6.675000191,16,5100,DAL@TB,DAL,TB,,,,RB/FLEX
63499-57651,WR,Travis,Travis Fulgham,Fulgham,8.075000127,12,5100,PHI@ATL,PHI,ATL,,,,WR/FLEX
63499-43334,RB,J.D.,J.D. McKissic,McKissic,9.394117468,17,5100,LAC@WAS,WAS,LAC,,,,RB/FLEX
63499-86780,RB,Salvon,Salvon Ahmed,Ahmed,9.071428571,7,5100,MIA@NE,MIA,NE,,,,RB/FLEX
63499-41872,TE,Evan,Evan Engram,Engram,6.84375,16,5100,DEN@NYG,NYG,DEN,Q,Calf,,TE/FLEX
63499-91047,TE,Cole,Cole Kmet,Kmet,3.406666565,15,5100,CHI@LAR,CHI,LAR,,,,TE/FLEX
63499-40126,TE,Austin,Austin Hooper,Hooper,7.146666463,15,5100,CLE@KC,CLE,KC,,,,TE/FLEX
63499-64843,WR,Jalen,Jalen Guyton,Guyton,5.193749905,16,5100,LAC@WAS,LAC,WAS,Q,Upper leg,,WR/FLEX
63499-52897,RB,Darrel,Darrel Williams,Williams,4.5,16,5100,CLE@KC,KC,CLE,Q,Head,,RB/FLEX
63499-30403,WR,Chris,Chris Conley,Conley,5.507142748,14,5100,JAC@HOU,HOU,JAC,,,,WR/FLEX
63499-30678,WR,Damiere,Damiere Byrd,Byrd,6.093333435,15,5100,CHI@LAR,CHI,LAR,,,,WR/FLEX
63499-12549,D,San Francisco,San Francisco 49ers,49ers,5.625,16,5000,SF@DET,SF,DET,,,,DEF
63499-63819,WR,Darius,Darius Slayton,Slayton,7.25,16,5000,DEN@NYG,NYG,DEN,Q,Ankle,,WR/FLEX
63499-88575,WR,Elijah,Elijah Moore,Moore,,,5000,NYJ@CAR,NYJ,CAR,,,,WR/FLEX
63499-88602,QB,Jordan,Jordan Ta'amu,Ta'amu,,,5000,SF@DET,DET,SF,,,,QB
63499-57986,WR,Hunter,Hunter Renfrow,Renfrow,6.474999905,16,5000,BAL@LV,LV,BAL,,,,WR/FLEX
63499-45791,WR,Rashard,Rashard Higgins,Higgins,8.25,14,5000,CLE@KC,CLE,KC,Q,Personal,,WR/FLEX
63499-64242,WR,Keke,Keke Coutee,Coutee,8.8125,8,5000,SEA@IND,IND,SEA,,,,WR/FLEX
63499-27441,RB,Damien,Damien Williams,Williams,11.46363622,11,5000,CHI@LAR,CHI,LAR,,,,RB/FLEX
63499-39818,RB,Wayne,Wayne Gallman Jr.,Gallman Jr.,8.406666565,15,5000,PHI@ATL,ATL,PHI,,,,RB/FLEX
63499-93107,RB,AJ,AJ Dillon,Dillon,4.136363636,11,5000,GB@NO,GB,NO,,,,RB/FLEX
63499-56262,WR,Parris,Parris Campbell,Campbell,3.899999936,3,5000,SEA@IND,IND,SEA,,,,WR/FLEX
63499-86997,WR,Amon-Ra,Amon-Ra St. Brown,St. Brown,,,5000,SF@DET,DET,SF,,,,WR/FLEX
63499-64496,WR,Olamide,Olamide Zaccheaus,Zaccheaus,4.340000153,10,5000,PHI@ATL,ATL,PHI,,,,WR/FLEX
63499-64585,TE,Dawson,Dawson Knox,Knox,5.592857361,14,5000,PIT@BUF,BUF,PIT,,,,TE/FLEX
63499-29780,TE,Zach,Zach Ertz,Ertz,5.409090909,11,5000,PHI@ATL,PHI,ATL,,,,TE/FLEX
63499-11512,TE,Jimmy,Jimmy Graham,Graham,7.535294477,17,5000,CHI@LAR,CHI,LAR,,,,TE/FLEX
63499-87418,WR,Joshua,Joshua Palmer,Palmer,,,5000,LAC@WAS,LAC,WAS,,,,WR/FLEX
63499-32234,RB,Malcolm,Malcolm Brown,Brown,5.716666751,18,5000,MIA@NE,MIA,NE,,,,RB/FLEX
63499-40434,WR,Greg,Greg Ward,Ward,6.662499905,16,5000,PHI@ATL,PHI,ATL,,,,WR/FLEX
63499-62967,WR,Preston,Preston Williams,Williams,8.225000381,8,5000,MIA@NE,MIA,NE,,,,WR/FLEX
63499-69168,WR,N'Keal,N'Keal Harry,Harry,4.415384733,13,5000,MIA@NE,NE,MIA,IR,Shoulder,,WR/FLEX
63499-85845,WR,Rashod,Rashod Bateman,Bateman,,,5000,BAL@LV,BAL,LV,IR,Groin,,WR/FLEX
63499-40857,RB,Peyton,Peyton Barber,Barber,3.785714286,14,5000,BAL@LV,LV,BAL,,,,RB/FLEX
63499-86052,WR,Kadarius,Kadarius Toney,Toney,,,4900,DEN@NYG,NYG,DEN,Q,Undisclosed,,WR/FLEX
63499-53303,RB,Matt,Matt Breida,Breida,3.75,10,4900,PIT@BUF,BUF,PIT,,,,RB/FLEX
63499-24671,WR,Adam,Adam Humphries,Humphries,6.614285605,7,4900,LAC@WAS,WAS,LAC,,,,WR/FLEX
63499-53390,WR,Zach,Zach Pascal,Pascal,7.417646969,17,4900,SEA@IND,IND,SEA,,,,WR/FLEX
63499-12538,D,Los Angeles,Los Angeles Rams,Rams,9.277777778,18,4900,CHI@LAR,LAR,CHI,,,,DEF
63499-63806,RB,Kerryon,Kerryon Johnson,Johnson,4.449999946,14,4900,PHI@ATL,PHI,ATL,,,,RB/FLEX
63499-94534,WR,Gabriel,Gabriel Davis,Davis,6.836841784,19,4900,PIT@BUF,BUF,PIT,,,,WR/FLEX
63499-14704,WR,Chris,Chris Hogan,Hogan,3.133333206,6,4900,GB@NO,NO,GB,,,,WR/FLEX
63499-39286,TE,O.J.,O.J. Howard,Howard,8.024999619,4,4900,DAL@TB,TB,DAL,,,,TE/FLEX
63499-80289,WR,Kendrick,Kendrick Bourne,Bourne,7.01333313,15,4900,MIA@NE,NE,MIA,,,,WR/FLEX
63499-55748,WR,James,James Washington,Washington,5.523529502,17,4900,PIT@BUF,PIT,BUF,,,,WR/FLEX
63499-64031,TE,Hayden,Hayden Hurst,Hurst,7.568749905,16,4900,PHI@ATL,ATL,PHI,,,,TE/FLEX
63499-45631,RB,Jamaal,Jamaal Williams,Williams,7.787499905,16,4900,SF@DET,DET,SF,,,,RB/FLEX
63499-25290,RB,Giovani,Giovani Bernard,Bernard,8.412500381,16,4900,DAL@TB,TB,DAL,,,,RB/FLEX
63499-70383,RB,Darrynton,Darrynton Evans,Evans,2.533333302,6,4900,ARI@TEN,TEN,ARI,IR,Knee,,RB/FLEX
63499-72453,WR,Denzel,Denzel Mims,Mims,4.920000076,10,4900,NYJ@CAR,NYJ,CAR,Q,Hip,,WR/FLEX
63499-48116,TE,Jonnu,Jonnu Smith,Smith,8.106666565,15,4900,MIA@NE,NE,MIA,,,,TE/FLEX
63499-64581,WR,Van,Van Jefferson Jr.,Jefferson Jr.,3.4,15,4900,CHI@LAR,LAR,CHI,Q,Arm,,WR/FLEX
63499-93408,WR,Rondale,Rondale Moore,Moore,,,4900,ARI@TEN,ARI,TEN,,,,WR/FLEX
63499-52451,RB,Samaje,Samaje Perine,Perine,5.01666673,12,4900,MIN@CIN,CIN,MIN,,,,RB/FLEX
63499-91419,WR,Nico,Nico Collins,Collins,,,4900,JAC@HOU,HOU,JAC,,,,WR/FLEX
63499-38264,WR,Demarcus,Demarcus Robinson,Robinson,5.211764616,17,4900,CLE@KC,KC,CLE,,,,WR/FLEX
63499-71032,WR,Devin,Devin Duvernay,Duvernay,2.693749905,16,4900,BAL@LV,BAL,LV,,,,WR/FLEX
63499-85672,WR,Terrace,Terrace Marshall Jr.,Marshall Jr.,,,4900,NYJ@CAR,CAR,NYJ,,,,WR/FLEX
63499-57091,WR,Tim,Tim Patrick,Patrick,9.046666463,15,4900,DEN@NYG,DEN,NYG,,,,WR/FLEX
63499-53097,WR,Josh,Josh Reynolds,Reynolds,6.252941356,17,4900,ARI@TEN,TEN,ARI,,,,WR/FLEX
63499-79998,WR,Keelan,Keelan Cole Sr.,Cole Sr.,7.993750095,16,4800,NYJ@CAR,NYJ,CAR,,,,WR/FLEX
63499-28930,RB,James,James White,White,6.57857132,14,4800,MIA@NE,NE,MIA,,,,RB/FLEX
63499-12550,D,Seattle,Seattle Seahawks,Seahawks,6.352941176,17,4800,SEA@IND,SEA,IND,,,,DEF
63499-24920,RB,Devonta,Devonta Freeman,Freeman,6.5,5,4800,GB@NO,NO,GB,,,,RB/FLEX
63499-31207,TE,C.J.,C.J. Uzomah,Uzomah,6.233333588,3,4800,MIN@CIN,CIN,MIN,,,,TE/FLEX
63499-57840,RB,Rashaad,Rashaad Penny,Penny,0.850000024,4,4800,SEA@IND,SEA,IND,,,,RB/FLEX
63499-72182,WR,Dee,Dee Eskridge,Eskridge,,,4800,SEA@IND,SEA,IND,,,,WR/FLEX
63499-57909,RB,Marlon,Marlon Mack,Mack,3.549999952,2,4800,SEA@IND,IND,SEA,,,,RB/FLEX
63499-43912,WR,Chad,Chad Beebe,Beebe,3.645454407,11,4800,MIN@CIN,MIN,CIN,IR,Foot,,WR/FLEX
63499-39859,TE,Jack,Jack Doyle,Doyle,5.07857132,14,4800,SEA@IND,IND,SEA,,,,TE/FLEX
63499-72776,RB,Alexander,Alexander Mattison,Mattison,6.184615502,13,4800,MIN@CIN,MIN,CIN,Q,Undisclosed,,RB/FLEX
63499-87122,WR,Lynn,Lynn Bowden Jr.,Bowden Jr.,3.958000183,10,4800,MIA@NE,MIA,NE,IR,Hamstring,,WR/FLEX
63499-70889,RB,Benny,Benny Snell Jr.,Snell Jr.,4.506249905,16,4800,PIT@BUF,PIT,BUF,,,,RB/FLEX
63499-56580,WR,Christian,Christian Blake,Blake,2.575000048,8,4800,PHI@ATL,ATL,PHI,,,,WR/FLEX
63499-60705,WR,Tyron,Tyron Johnson,Johnson,6.318181818,11,4800,JAC@HOU,JAC,HOU,,,,WR/FLEX
63499-60977,RB,Ty'Son,Ty'Son Williams,Williams,0,1,4800,BAL@LV,BAL,LV,,,,RB/FLEX
63499-55042,TE,Dalton,Dalton Schultz,Schultz,7.1875,16,4800,DAL@TB,DAL,TB,,,,TE/FLEX
63499-28473,RB,Carlos,Carlos Hyde,Hyde,7.036363775,11,4800,JAC@HOU,JAC,HOU,,,,RB/FLEX
63499-61273,WR,Scotty,Scotty Miller,Miller,5.694444444,18,4800,DAL@TB,TB,DAL,,,,WR/FLEX
63499-55165,RB,Justin,Justin Jackson,Jackson,6.974999905,8,4800,LAC@WAS,LAC,WAS,,,,RB/FLEX
63499-57299,TE,Gerald,Gerald Everett,Everett,4.258823619,17,4800,SEA@IND,SEA,IND,,,,TE/FLEX
63499-57338,TE,Jordan,Jordan Akins,Akins,5.015384381,13,4800,JAC@HOU,HOU,JAC,,,,TE/FLEX
63499-57432,WR,Cameron,Cameron Batson,Batson,2.510000038,10,4700,ARI@TEN,TEN,ARI,,,,WR/FLEX
63499-79987,WR,David,David Moore,Moore,6.017647238,17,4700,BAL@LV,LV,BAL,,,,WR/FLEX
63499-69836,WR,Collin,Collin Johnson,Johnson,4.563636433,11,4700,DEN@NYG,NYG,DEN,,,,WR/FLEX
63499-71957,WR,Quintez,Quintez Cephus,Cephus,4.741666794,12,4700,SF@DET,DET,SF,,,,WR/FLEX
63499-80294,TE,Anthony,Anthony Firkser,Firkser,4.349999905,16,4700,ARI@TEN,TEN,ARI,,,,TE/FLEX
63499-27229,RB,Ameer,Ameer Abdullah,Abdullah,2.6,10,4700,MIN@CIN,MIN,CIN,,,,RB/FLEX
63499-55970,RB,Royce,Royce Freeman,Freeman,2.827272762,11,4700,NYJ@CAR,CAR,NYJ,,,,RB/FLEX
63499-27338,RB,Rex,Rex Burkhead,Burkhead,9.509999847,10,4700,JAC@HOU,HOU,JAC,,,,RB/FLEX
63499-54010,RB,Brian,Brian Hill,Hill,5.181250095,16,4700,ARI@TEN,TEN,ARI,Q,Undisclosed,,RB/FLEX
63499-90912,RB,Kenneth,Kenneth Gainwell,Gainwell,,,4700,PHI@ATL,PHI,ATL,,,,RB/FLEX
63499-33578,RB,Jalen,Jalen Richard,Richard,3.199999883,13,4700,BAL@LV,LV,BAL,IR,Foot,,RB/FLEX
63499-64339,WR,Auden,Auden Tate,Tate,2.444444444,9,4700,MIN@CIN,CIN,MIN,,,,WR/FLEX
63499-70601,TE,Harrison,Harrison Bryant,Bryant,3.557142803,14,4700,CLE@KC,CLE,KC,,,,TE/FLEX
63499-91426,WR,Donovan,Donovan Peoples-Jones,Peoples-Jones,3.964285714,14,4700,CLE@KC,CLE,KC,,,,WR/FLEX
63499-64841,WR,Equanimeous,Equanimeous St. Brown,St. Brown,2.660000038,10,4700,GB@NO,GB,NO,,,,WR/FLEX
63499-54608,RB,Jerick,Jerick McKinnon,McKinnon,7.835714068,14,4700,CLE@KC,KC,CLE,,,,RB/FLEX
63499-93538,WR,Dyami,Dyami Brown,Brown,,,4700,LAC@WAS,WAS,LAC,,,,WR/FLEX
63499-34154,WR,J.J.,J.J. Nelson,Nelson,0,1,4700,SEA@IND,IND,SEA,IR,Groin,,WR/FLEX
63499-71031,WR,Lil'Jordan,Lil'Jordan Humphrey,Humphrey,4.666666667,3,4700,GB@NO,NO,GB,,,,WR/FLEX
63499-44449,WR,Willie,Willie Snead IV,Snead IV,5.639999898,15,4700,BAL@LV,LV,BAL,,,,WR/FLEX
63499-87467,RB,Chuba,Chuba Hubbard,Hubbard,,,4700,NYJ@CAR,CAR,NYJ,,,,RB/FLEX
63499-26038,TE,Tyler,Tyler Kroft,Kroft,5.983333588,6,4700,NYJ@CAR,NYJ,CAR,,,,TE/FLEX
63499-87515,WR,Tylan,Tylan Wallace,Wallace,,,4700,BAL@LV,BAL,LV,,,,WR/FLEX
63499-60910,WR,Dede,Dede Westbrook,Westbrook,-0.366666675,3,4700,MIN@CIN,MIN,CIN,Q,Knee - acl,,WR/FLEX
63499-32243,WR,Marquise,Marquise Goodwin,Goodwin,0,1,4700,CHI@LAR,CHI,LAR,,,,WR/FLEX
63499-22018,WR,Mohamed,Mohamed Sanu,Sanu,4.4375,8,4700,SF@DET,SF,DET,,,,WR/FLEX
63499-63050,RB,Ty,Ty Johnson,Johnson,5.027272658,11,4700,NYJ@CAR,NYJ,CAR,,,,RB/FLEX
63499-69295,WR,Byron,Byron Pringle,Pringle,4.60000017,9,4700,CLE@KC,KC,CLE,,,,WR/FLEX
63499-69303,WR,Freddie,Freddie Swain,Swain,2.692857197,14,4700,SEA@IND,SEA,IND,,,,WR/FLEX
63499-71367,RB,La'Mical,La'Mical Perine,Perine,4.7,10,4700,NYJ@CAR,NYJ,CAR,Q,Foot,,RB/FLEX
63499-71444,RB,Travis,Travis Homer,Homer,3.14444436,9,4700,SEA@IND,SEA,IND,,,,RB/FLEX
63499-71521,RB,Justice,Justice Hill,Hill,1.3125,8,4700,BAL@LV,BAL,LV,O,Achilles,,RB/FLEX
63499-14211,RB,Mark,Mark Ingram II,Ingram II,4.990000153,10,4700,JAC@HOU,HOU,JAC,,,,RB/FLEX
63499-69581,WR,Cedrick,Cedrick Wilson,Wilson,4.311999893,10,4700,DAL@TB,DAL,TB,,,,WR/FLEX
63499-24533,TE,Mo,Mo Alie-Cox,Alie-Cox,4.381249905,16,4700,SEA@IND,IND,SEA,,,,TE/FLEX
63499-55323,RB,Jaylen,Jaylen Samuels,Samuels,1.32222218,9,4600,PIT@BUF,PIT,BUF,,,,RB/FLEX
63499-55335,TE,David,David Njoku,Njoku,3.99230781,13,4600,CLE@KC,CLE,KC,,,,TE/FLEX
63499-71723,WR,Dez,Dez Fitzpatrick,Fitzpatrick,,,4600,ARI@TEN,TEN,ARI,,,,WR/FLEX
63499-88109,RB,Gary,Gary Brightwell,Brightwell,,,4600,DEN@NYG,NYG,DEN,,,,RB/FLEX
63499-94262,WR,Antonio,Antonio Gandy-Golden,Gandy-Golden,0.75,4,4600,LAC@WAS,WAS,LAC,,,,WR/FLEX
63499-55366,RB,Qadree,Qadree Ollison,Ollison,0.300000012,1,4600,PHI@ATL,ATL,PHI,,,,RB/FLEX
63499-86113,WR,Ihmir,Ihmir Smith-Marsette,Smith-Marsette,,,4600,MIN@CIN,MIN,CIN,,,,WR/FLEX
63499-79974,RB,Tarik,Tarik Cohen,Cohen,2.9,5,4600,CHI@LAR,CHI,LAR,NA,Knee - acl,,RB/FLEX
63499-104577,WR,Gunner,Gunner Olszewski,Olszewski,1.916666667,12,4600,MIA@NE,NE,MIA,,,,WR/FLEX
63499-57543,RB,D'Ernest,D'Ernest Johnson,Johnson,1.21875,16,4600,CLE@KC,CLE,KC,,,,RB/FLEX
63499-69860,RB,Trayveon,Trayveon Williams,Williams,2.742857252,7,4600,MIN@CIN,CIN,MIN,,,,RB/FLEX
63499-53498,WR,Richie,Richie James,James,5.290000153,10,4600,SF@DET,SF,DET,IR,Knee,,WR/FLEX
63499-45307,WR,Rodney,Rodney Adams,Adams,0,2,4600,CHI@LAR,CHI,LAR,,,,WR/FLEX
63499-12553,D,Carolina,Carolina Panthers,Panthers,6.25,16,4600,NYJ@CAR,CAR,NYJ,,,,DEF
63499-86295,RB,Michael,Michael Warren,Warren,0,2,4600,SF@DET,DET,SF,Q,Undisclosed,,RB/FLEX
63499-70023,WR,Cornell,Cornell Powell,Powell,,,4600,CLE@KC,KC,CLE,,,,WR/FLEX
63499-53639,WR,Isaiah,Isaiah McKenzie,McKenzie,5.551764544,17,4600,PIT@BUF,BUF,PIT,,,,WR/FLEX
63499-55694,WR,Mike,Mike Thomas,Thomas,2.379999924,10,4600,MIN@CIN,CIN,MIN,,,,WR/FLEX
63499-43433,RB,Boston,Boston Scott,Scott,5.193749905,16,4600,PHI@ATL,PHI,ATL,,,,RB/FLEX
63499-70133,RB,Jake,Jake Funk,Funk,,,4600,CHI@LAR,LAR,CHI,,,,RB/FLEX
63499-41475,WR,John,John Ross III,Ross III,0.900000016,3,4600,DEN@NYG,NYG,DEN,IR,Hamstring,,WR/FLEX
63499-62055,WR,Ray-Ray,Ray-Ray McCloud III,McCloud III,1.305882398,17,4600,PIT@BUF,PIT,BUF,,,,WR/FLEX
63499-58041,RB,Mike,Mike Boone,Boone,2.316666603,6,4600,DEN@NYG,DEN,NYG,IR,Quadriceps,,RB/FLEX
63499-94936,RB,Larry,Larry Rountree III,Rountree III,,,4600,LAC@WAS,LAC,WAS,,,,RB/FLEX
63499-72412,RB,Khalil,Khalil Herbert,Herbert,,,4600,CHI@LAR,CHI,LAR,,,,RB/FLEX
63499-92976,WR,Tutu,Tutu Atwell,Atwell,,,4600,CHI@LAR,LAR,CHI,,,,WR/FLEX
63499-93023,RB,Jermar,Jermar Jefferson,Jefferson,,,4600,SF@DET,DET,SF,,,,RB/FLEX
63499-41867,RB,Jordan,Jordan Wilkins,Wilkins,4.60833327,12,4600,SEA@IND,IND,SEA,,,,RB/FLEX
63499-111540,RB,Rhamondre,Rhamondre Stevenson,Stevenson,,,4600,MIA@NE,NE,MIA,,,,RB/FLEX
63499-56248,WR,Noah,Noah Brown,Brown,2.279999924,10,4600,DAL@TB,DAL,TB,IR,Illness,,WR/FLEX
63499-70663,WR,Frank,Frank Darby,Darby,,,4600,PHI@ATL,ATL,PHI,,,,WR/FLEX
63499-29734,RB,Ty,Ty Montgomery,Montgomery,3.5,5,4600,GB@NO,NO,GB,,,,RB/FLEX
63499-62508,TE,James,James O'Shaughnessy,O'Shaughnessy,2.680000051,15,4600,JAC@HOU,JAC,HOU,,,,TE/FLEX
63499-42046,TE,Durham,Durham Smythe,Smythe,3.523076864,13,4600,MIA@NE,MIA,NE,,,,TE/FLEX
63499-68694,RB,Antonio,Antonio Williams,Williams,20.79999924,1,4600,PIT@BUF,BUF,PIT,Q,Neck,,RB/FLEX
63499-91225,RB,Kylin,Kylin Hill,Hill,,,4600,GB@NO,GB,NO,,,,RB/FLEX
63499-68712,WR,Tyler,Tyler Johnson,Johnson,3,13,4600,DAL@TB,TB,DAL,,,,WR/FLEX
63499-83091,RB,Trenton,Trenton Cannon,Cannon,0.64000001,10,4600,NYJ@CAR,CAR,NYJ,,,,RB/FLEX
63499-25813,WR,Phillip,Phillip Dorsett II,Dorsett II,0,1,4600,JAC@HOU,JAC,HOU,,,,WR/FLEX
63499-130270,TE,Adam,Adam Trautman,Trautman,2.863636364,11,4600,GB@NO,NO,GB,Q,Ankle,,TE/FLEX
63499-64744,RB,Josh,Josh Adams,Adams,4.799999782,7,4600,NYJ@CAR,NYJ,CAR,,,,RB/FLEX
63499-52495,WR,Braxton,Braxton Berrios,Berrios,5.253333537,15,4600,NYJ@CAR,NYJ,CAR,,,,WR/FLEX
63499-68901,RB,Gerrid,Gerrid Doaks,Doaks,,,4600,MIA@NE,MIA,NE,,,,RB/FLEX
63499-52591,RB,Rodney,Rodney Smith,Smith,3.555555556,9,4600,NYJ@CAR,CAR,NYJ,Q,Undisclosed,,RB/FLEX
63499-73130,RB,Chris,Chris Evans,Evans,,,4600,MIN@CIN,CIN,MIN,,,,RB/FLEX
63499-22037,RB,Lamar,Lamar Miller,Miller,0.533333341,3,4600,LAC@WAS,WAS,LAC,,,,RB/FLEX
63499-91677,WR,Shi,Shi Smith,Smith,,,4600,NYJ@CAR,CAR,NYJ,Q,Shoulder,,WR/FLEX
63499-54817,WR,Diontae,Diontae Spencer,Spencer,1.090909091,11,4600,DEN@NYG,DEN,NYG,,,,WR/FLEX
63499-63078,RB,Ke'Shawn,Ke'Shawn Vaughn,Vaughn,2.985714231,7,4600,DAL@TB,TB,DAL,,,,RB/FLEX
63499-87662,WR,Anthony,Anthony Schwartz,Schwartz,,,4600,CLE@KC,CLE,KC,,,,WR/FLEX
63499-61060,RB,Devine,Devine Ozigbo,Ozigbo,1.466666698,6,4600,JAC@HOU,JAC,HOU,,,,RB/FLEX
63499-69276,WR,Bryan,Bryan Edwards,Edwards,3.422222137,9,4600,BAL@LV,LV,BAL,,,,WR/FLEX
63499-71359,WR,Javon,Javon Wims,Wims,1.572727203,11,4600,CHI@LAR,CHI,LAR,,,,WR/FLEX
63499-63186,WR,James,James Proche,Proche,0.158333331,12,4600,BAL@LV,BAL,LV,,,,WR/FLEX
63499-63201,RB,Xavier,Xavier Jones,Jones,0,3,4600,CHI@LAR,LAR,CHI,IR,Achilles,,RB/FLEX
63499-85762,RB,Eno,Eno Benjamin,Benjamin,0,2,4600,ARI@TEN,ARI,TEN,,,,RB/FLEX
63499-69383,WR,Dezmon,Dezmon Patmon,Patmon,0,1,4600,SEA@IND,IND,SEA,IR,Foot,,WR/FLEX
63499-40758,RB,Corey,Corey Clement,Clement,2.055555556,9,4600,DAL@TB,DAL,TB,,,,RB/FLEX
63499-57208,WR,KeeSean,KeeSean Johnson,Johnson,2.479999924,10,4600,PHI@ATL,PHI,ATL,,,,WR/FLEX
63499-94087,RB,DeeJay,DeeJay Dallas,Dallas,5.377777947,9,4600,SEA@IND,SEA,IND,,,,RB/FLEX
63499-73687,WR,Quez,Quez Watkins,Watkins,4.020000076,5,4600,PHI@ATL,PHI,ATL,,,,WR/FLEX
63499-63447,WR,Penny,Penny Hart,Hart,1.350000024,2,4600,SEA@IND,SEA,IND,,,,WR/FLEX
63499-92168,WR,Damion,Damion Willis,Willis,0,1,4500,DEN@NYG,NYG,DEN,,,,WR/FLEX
63499-69646,RB,Dedrick,Dedrick Mills,Mills,,,4500,SF@DET,DET,SF,,,,RB/FLEX
63499-69655,WR,Stephen,Stephen Sullivan,Sullivan,0,1,4500,NYJ@CAR,CAR,NYJ,,,,WR/FLEX
63499-63550,WR,Isaiah,Isaiah Zuber,Zuber,1.5,4,4500,SF@DET,SF,DET,,,,WR/FLEX
63499-86078,WR,Trevon,Trevon Grimes,Grimes,,,4500,PHI@ATL,PHI,ATL,Q,Undisclosed,,WR/FLEX
63499-63554,WR,Dalton,Dalton Schoen,Schoen,0,1,4500,CLE@KC,KC,CLE,,,,WR/FLEX
63499-71756,WR,Aaron,Aaron Fuller,Fuller,0,1,4500,SEA@IND,SEA,IND,,,,WR/FLEX
63499-41042,WR,Marcell,Marcell Ateman,Ateman,3.025000095,4,4500,BAL@LV,LV,BAL,,,,WR/FLEX
63499-63576,WR,Kirk,Kirk Merritt,Merritt,0,1,4500,MIA@NE,MIA,NE,,,,WR/FLEX
63499-63586,WR,De'Quan,De'Quan Hampton,Hampton,,,4500,DAL@TB,TB,DAL,,,,WR/FLEX
63499-79972,WR,Chad,Chad Williams,Williams,0,1,4500,CLE@KC,KC,CLE,Q,Undisclosed,,WR/FLEX
63499-79979,WR,Jamal,Jamal Agnew,Agnew,1.621428626,14,4500,JAC@HOU,JAC,HOU,,,,WR/FLEX
63499-86125,WR,Brandon,Brandon Smith,Smith,,,4500,DAL@TB,DAL,TB,,,,WR/FLEX
63499-79982,RB,Alex,Alex Armah,Armah,0.399999985,13,4500,GB@NO,NO,GB,,,,RB/FLEX
63499-61555,WR,David,David Sills,Sills,0,1,4500,DEN@NYG,NYG,DEN,,,,WR/FLEX
63499-63603,WR,Jared,Jared Pinkney,Pinkney,0,1,4500,SF@DET,DET,SF,,,,WR/FLEX
63499-30837,WR,Jordan,Jordan Matthews,Matthews,2.650000095,2,4500,SF@DET,SF,DET,,,,WR/FLEX
63499-55414,WR,Cody,Cody Thompson,Thompson,0,1,4500,SEA@IND,SEA,IND,,,,WR/FLEX
63499-55417,WR,Jon'Vea,Jon'Vea Johnson,Johnson,0,1,4500,CHI@LAR,CHI,LAR,,,,WR/FLEX
63499-88186,WR,JoJo,JoJo Ward,Ward,0,2,4500,CLE@KC,CLE,KC,,,,WR/FLEX
63499-84101,WR,Vyncint,Vyncint Smith,Smith,0.449999988,4,4500,NYJ@CAR,NYJ,CAR,,,,WR/FLEX
63499-71821,WR,Joe,Joe Reed,Reed,0.988888847,9,4500,LAC@WAS,LAC,WAS,,,,WR/FLEX
63499-47249,WR,Darvin,Darvin Kidsy,Kidsy,0,1,4500,SEA@IND,SEA,IND,,,,WR/FLEX
63499-88213,RB,Brenden,Brenden Knox,Knox,,,4500,DAL@TB,DAL,TB,,,,RB/FLEX
63499-61593,WR,Jauan,Jauan Jennings,Jennings,0,1,4500,SF@DET,SF,DET,Q,Heel,,WR/FLEX
63499-28827,RB,Dare,Dare Ogunbowale,Ogunbowale,2.489999962,10,4500,JAC@HOU,JAC,HOU,,,,RB/FLEX
63499-86173,RB,Mekhi,Mekhi Sargent,Sargent,,,4500,ARI@TEN,TEN,ARI,Q,Undisclosed,,RB/FLEX
63499-63646,WR,Lawrence,Lawrence Cager,Cager,1.5,3,4500,NYJ@CAR,NYJ,CAR,,,,WR/FLEX
63499-61610,RB,Jacques,Jacques Patrick,Patrick,0,1,4500,MIN@CIN,CIN,MIN,,,,RB/FLEX
63499-139438,RB,Pete,Pete Guerriero,Guerriero,0,2,4500,PIT@BUF,PIT,BUF,,,,RB/FLEX
63499-65724,RB,JaMycal,JaMycal Hasty,Hasty,4.600000064,6,4500,SF@DET,SF,DET,,,,RB/FLEX
63499-61631,WR,Olabisi,Olabisi Johnson,Johnson,3.487499952,8,4500,MIN@CIN,MIN,CIN,IR,Knee - acl,,WR/FLEX
63499-41155,WR,Taquan,Taquan Mizzell,Mizzell,,,4500,DEN@NYG,NYG,DEN,Q,Undisclosed,,WR/FLEX
63499-149710,WR,Mike,Mike Strachan,Strachan,,,4500,SEA@IND,IND,SEA,,,,WR/FLEX
63499-88277,RB,Anthony,Anthony McFarland Jr.,McFarland Jr.,1.79090916,11,4500,PIT@BUF,PIT,BUF,IR,Undisclosed,,RB/FLEX
63499-149717,RB,JaQuan,JaQuan Hardy,Hardy,,,4500,DAL@TB,DAL,TB,,,,RB/FLEX
63499-28890,RB,Derek,Derek Watt,Watt,0.066666668,3,4500,PIT@BUF,PIT,BUF,,,,RB/FLEX
63499-55514,RB,Buddy,Buddy Howell,Howell,2.399999936,3,4500,CHI@LAR,LAR,CHI,,,,RB/FLEX
63499-57565,RB,Austin,Austin Walter,Walter,0.875,4,4500,NYJ@CAR,NYJ,CAR,Q,Undisclosed,,RB/FLEX
63499-63717,RB,Alec,Alec Ingold,Ingold,2.127272693,11,4500,BAL@LV,LV,BAL,,,,RB/FLEX
63499-28907,WR,Alex,Alex Erickson,Erickson,1.185714313,14,4500,NYJ@CAR,CAR,NYJ,,,,WR/FLEX
63499-71917,WR,Rico,Rico Bussey,Bussey,,,4500,PIT@BUF,PIT,BUF,O,Undisclosed,,WR/FLEX
63499-149742,RB,Nate,Nate McCrary,McCrary,,,4500,DEN@NYG,DEN,NYG,,,,RB/FLEX
63499-149743,WR,Donte,Donte Sylencieux,Sylencieux,,,4500,BAL@LV,BAL,LV,Q,Undisclosed,,WR/FLEX
63499-71920,RB,Corey,Corey Taylor,Taylor,,,4500,CLE@KC,CLE,KC,,,,RB/FLEX
63499-94453,RB,Darwin,Darwin Thompson,Thompson,5.940000153,5,4500,DAL@TB,TB,DAL,,,,RB/FLEX
63499-12533,D,Green Bay,Green Bay Packers,Packers,6,18,4500,GB@NO,GB,NO,,,,DEF
63499-88317,RB,Javon,Javon Leake,Leake,0,1,4500,SF@DET,DET,SF,,,,RB/FLEX
63499-92413,RB,Eli,Eli Mitchell,Mitchell,,,4500,SF@DET,SF,DET,,,,RB/FLEX
63499-69884,RB,Darius,Darius Anderson,Anderson,0,1,4500,SEA@IND,IND,SEA,,,,RB/FLEX
63499-55552,RB,Jeff,Jeff Wilson Jr.,Wilson Jr.,11.31666692,12,4500,SF@DET,SF,DET,NA,Knee - meniscus,,RB/FLEX
63499-41221,WR,Andre,Andre Patton,Patton,0,2,4500,PHI@ATL,PHI,ATL,,,,WR/FLEX
63499-65798,WR,Siaosi,Siaosi Mariner,Mariner,,,4500,BAL@LV,BAL,LV,,,,WR/FLEX
63499-69894,RB,Sewo,Sewo Olonilua,Olonilua,0,1,4500,DAL@TB,DAL,TB,IR,Neck,,RB/FLEX
63499-12555,D,Baltimore,Baltimore Ravens,Ravens,8.555555556,18,4500,BAL@LV,BAL,LV,,,,DEF
63499-71955,RB,Mason,Mason Stokke,Stokke,,,4500,NYJ@CAR,CAR,NYJ,,,,RB/FLEX
63499-33047,WR,Chris,Chris Moore,Moore,0,1,4500,JAC@HOU,HOU,JAC,,,,WR/FLEX
63499-71962,RB,Garrett,Garrett Groshek,Groshek,,,4500,BAL@LV,LV,BAL,,,,RB/FLEX
63499-71974,WR,Malcolm,Malcolm Perry,Perry,2.244444529,9,4500,MIA@NE,NE,MIA,,,,WR/FLEX
63499-90408,WR,Dax,Dax Milne,Milne,,,4500,LAC@WAS,WAS,LAC,,,,WR/FLEX
63499-45371,WR,Darius,Darius Phillips,Phillips,0,3,4500,MIN@CIN,CIN,MIN,,,,WR/FLEX
63499-41305,WR,Zay,Zay Jones,Jones,2.687272679,11,4500,BAL@LV,LV,BAL,,,,WR/FLEX
63499-24929,WR,Kelvin,Kelvin Benjamin,Benjamin,,,4500,DEN@NYG,NYG,DEN,,,,WR/FLEX
63499-94567,RB,Otis,Otis Anderson,Anderson,,,4500,CHI@LAR,LAR,CHI,,,,RB/FLEX
63499-41319,WR,Jeff,Jeff Badet,Badet,0,2,4500,PHI@ATL,ATL,PHI,Q,Lower leg,,WR/FLEX
63499-63855,WR,K.J.,K.J. Osborn,Osborn,0,8,4500,MIN@CIN,MIN,CIN,,,,WR/FLEX
63499-33137,WR,Justin,Justin Hardy,Hardy,2.636363636,11,4500,CHI@LAR,CHI,LAR,,,,WR/FLEX
63499-22898,RB,Brandon,Brandon Bolden,Bolden,0,1,4500,MIA@NE,NE,MIA,,,,RB/FLEX
63499-70019,RB,Tavien,Tavien Feaster,Feaster,0,1,4500,ARI@TEN,ARI,TEN,,,,RB/FLEX
63499-92552,WR,Brennan,Brennan Eagles,Eagles,,,4500,DAL@TB,DAL,TB,,,,WR/FLEX
63499-47501,WR,Marken,Marken Michel,Michel,0,2,4500,PHI@ATL,PHI,ATL,,,,WR/FLEX
63499-53646,WR,Austin,Austin Proehl,Proehl,,,4500,LAC@WAS,LAC,WAS,,,,WR/FLEX
63499-43416,WR,Trent,Trent Taylor,Taylor,1.236363671,11,4500,MIN@CIN,CIN,MIN,,,,WR/FLEX
63499-80281,WR,C.J.,C.J. Board,Board,1.589999962,10,4500,DEN@NYG,NYG,DEN,,,,WR/FLEX
63499-41370,WR,Trevor,Trevor Davis,Davis,0,2,4500,PHI@ATL,ATL,PHI,,,,WR/FLEX
63499-72091,RB,Raymond,Raymond Calais,Calais,0,5,4500,CHI@LAR,LAR,CHI,IR,Foot,,RB/FLEX
63499-41371,RB,Khalfani,Khalfani Muhammad,Muhammad,0,1,4500,ARI@TEN,ARI,TEN,,,,RB/FLEX
63499-47523,WR,Tajae,Tajae Sharpe,Sharpe,0,3,4500,PHI@ATL,ATL,PHI,,,,WR/FLEX
63499-72103,RB,Trey,Trey Ragas,Ragas,,,4500,BAL@LV,LV,BAL,,,,RB/FLEX
63499-80299,RB,Patrick,Patrick Ricard,Ricard,1.860000038,10,4500,BAL@LV,BAL,LV,,,,RB/FLEX
63499-63919,WR,Bailey,Bailey Gaither,Gaither,,,4500,GB@NO,GB,NO,,,,WR/FLEX
63499-147899,RB,Darius,Darius Clark,Clark,,,4500,NYJ@CAR,CAR,NYJ,Q,Knee,,RB/FLEX
63499-72133,WR,Antoine,Antoine Wesley,Wesley,0,1,4500,ARI@TEN,ARI,TEN,,,,WR/FLEX
63499-55750,WR,Chris,Chris Lacy,Lacy,0,1,4500,CHI@LAR,CHI,LAR,,,,WR/FLEX
63499-72135,WR,T.J.,T.J. Vasher,Vasher,,,4500,DAL@TB,DAL,TB,IR,Knee - meniscus,,WR/FLEX
63499-86472,WR,John,John Hightower,Hightower,2.379999924,10,4500,PHI@ATL,PHI,ATL,,,,WR/FLEX
63499-96714,WR,Travis,Travis Toivonen,Toivonen,,,4500,SEA@IND,SEA,IND,,,,WR/FLEX
63499-88525,WR,Kawaan,Kawaan Baker,Baker,,,4500,GB@NO,NO,GB,,,,WR/FLEX
63499-31184,RB,Jonathan,Jonathan Williams,Williams,0.866666635,3,4500,LAC@WAS,WAS,LAC,,,,RB/FLEX
63499-41430,WR,Devin,Devin Ross,Ross,0,1,4500,MIA@NE,NE,MIA,,,,WR/FLEX
63499-14820,RB,Nick,Nick Bellore,Bellore,0.633333325,3,4500,SEA@IND,SEA,IND,,,,RB/FLEX
63499-39428,RB,Kyle,Kyle Juszczyk,Juszczyk,4.506249905,16,4500,SF@DET,SF,DET,,,,RB/FLEX
63499-88590,RB,Scottie,Scottie Phillips,Phillips,2.099999905,1,4500,JAC@HOU,HOU,JAC,,,,RB/FLEX
63499-55830,RB,D'Onta,D'Onta Foreman,Foreman,3.3,5,4500,PHI@ATL,ATL,PHI,,,,RB/FLEX
63499-96798,RB,Josh,Josh Johnson,Johnson,,,4500,SEA@IND,SEA,IND,,,,RB/FLEX
63499-72235,WR,Damon,Damon Hazelton,Hazelton,,,4500,GB@NO,GB,NO,,,,WR/FLEX
63499-70206,RB,Jason,Jason Huntley,Huntley,0.480000019,5,4500,PHI@ATL,PHI,ATL,,,,RB/FLEX
63499-45637,WR,Michael,Michael Davis,Davis,0,2,4500,LAC@WAS,LAC,WAS,,,,WR/FLEX
63499-150090,WR,Cade,Cade Johnson,Johnson,,,4500,SEA@IND,SEA,IND,,,,WR/FLEX
63499-62042,WR,Deon,Deon Cain,Cain,0,1,4500,BAL@LV,BAL,LV,Q,Head,,WR/FLEX
63499-72297,RB,Rico,Rico Dowdle,Dowdle,0.800000032,3,4500,DAL@TB,DAL,TB,IR,Hip,,RB/FLEX
63499-88685,WR,Austin,Austin Trammell,Trammell,,,4500,PHI@ATL,ATL,PHI,,,,WR/FLEX
63499-88699,RB,Jaret,Jaret Patterson,Patterson,,,4500,LAC@WAS,WAS,LAC,,,,RB/FLEX
63499-33403,WR,Tevin,Tevin Jones,Jones,0,1,4500,JAC@HOU,JAC,HOU,,,,WR/FLEX
63499-94850,WR,Jhamon,Jhamon Ausbon,Ausbon,,,4500,PHI@ATL,PHI,ATL,,,,WR/FLEX
63499-55940,WR,Chad,Chad Hansen,Hansen,7.619999695,5,4500,SF@DET,DET,SF,Q,Undisclosed,,WR/FLEX
63499-55941,RB,Patrick,Patrick Laird,Laird,1.888888889,9,4500,MIA@NE,MIA,NE,,,,RB/FLEX
63499-27273,RB,Andy,Andy Janovich,Janovich,0.270000005,10,4500,CLE@KC,CLE,KC,,,,RB/FLEX
63499-70282,RB,Demetric,Demetric Felton,Felton,,,4500,CLE@KC,CLE,KC,,,,RB/FLEX
63499-90777,WR,Tre,Tre Walker,Walker,,,4500,PIT@BUF,BUF,PIT,,,,WR/FLEX
63499-53913,WR,Cody,Cody Hollister,Hollister,1.700000048,1,4500,ARI@TEN,TEN,ARI,Q,Ankle,,WR/FLEX
63499-55964,RB,Tony,Tony Brooks-James,Brooks-James,0.400000006,1,4500,PIT@BUF,PIT,BUF,,,,RB/FLEX
63499-80546,TE,Dan,Dan Arnold,Arnold,5.420000203,15,4500,NYJ@CAR,CAR,NYJ,,,,TE/FLEX
63499-47780,WR,Taywan,Taywan Taylor,Taylor,0,2,4500,JAC@HOU,HOU,JAC,Q,Undisclosed,,WR/FLEX
63499-64175,WR,Hakeem,Hakeem Butler,Butler,0,2,4500,PHI@ATL,PHI,ATL,,,,WR/FLEX
63499-96942,WR,Keelan,Keelan Doss,Doss,3.133333206,6,4500,PHI@ATL,ATL,PHI,,,,WR/FLEX
63499-25267,WR,Mack,Mack Hollins,Hollins,2.690909126,11,4500,MIA@NE,MIA,NE,,,,WR/FLEX
63499-72370,RB,J.J.,J.J. Taylor,Taylor,1.699999946,7,4500,MIA@NE,NE,MIA,,,,RB/FLEX
63499-72382,RB,Gabe,Gabe Nabers,Nabers,2.212500095,8,4500,LAC@WAS,LAC,WAS,Q,Undisclosed,,RB/FLEX
63499-33472,RB,C.J.,C.J. Prosise,Prosise,2.039999962,5,4500,DAL@TB,TB,DAL,,,,RB/FLEX
63499-64205,WR,Jalen,Jalen McCleskey,McCleskey,0,1,4500,GB@NO,NO,GB,Q,Hamstring,,WR/FLEX
63499-88793,RB,Stevie,Stevie Scott III,Scott III,,,4500,DEN@NYG,DEN,NYG,,,,RB/FLEX
63499-92890,WR,Cody,Cody White,White,0,1,4500,PIT@BUF,PIT,BUF,,,,WR/FLEX
63499-64222,RB,Jordan,Jordan Glasgow,Glasgow,0,2,4500,SEA@IND,IND,SEA,,,,RB/FLEX
63499-70372,WR,Chester,Chester Rogers,Rogers,3.770000076,10,4500,ARI@TEN,TEN,ARI,,,,WR/FLEX
63499-56041,RB,Khari,Khari Blasingame,Blasingame,1.180000019,5,4500,ARI@TEN,TEN,ARI,,,,RB/FLEX
63499-56051,WR,Caleb,Caleb Scott,Scott,,,4500,BAL@LV,LV,BAL,Q,Undisclosed,,WR/FLEX
63499-56059,WR,Trent,Trent Sherfield,Sherfield,1.875,4,4500,SF@DET,SF,DET,,,,WR/FLEX
63499-64252,WR,Tony,Tony Brown,Brown,0,1,4500,LAC@WAS,WAS,LAC,,,,WR/FLEX
63499-88830,WR,Whop,Whop Philyor,Philyor,,,4500,MIN@CIN,MIN,CIN,,,,WR/FLEX
63499-56064,RB,Bo,Bo Scarbrough,Scarbrough,1.549999952,2,4500,BAL@LV,LV,BAL,,,,RB/FLEX
63499-92932,RB,Javian,Javian Hawkins,Hawkins,,,4500,ARI@TEN,TEN,ARI,,,,RB/FLEX
63499-41741,WR,DaeSean,DaeSean Hamilton,Hamilton,4.23333327,12,4500,DEN@NYG,DEN,NYG,IR,Knee - acl,,WR/FLEX
63499-94993,RB,Pooka,Pooka Williams Jr.,Williams Jr.,,,4500,MIN@CIN,CIN,MIN,,,,RB/FLEX
63499-70422,WR,Kalif,Kalif Raymond,Raymond,1.761538432,13,4500,SF@DET,DET,SF,,,,WR/FLEX
63499-56099,RB,Cullen,Cullen Gillaspia,Gillaspia,0.550000012,2,4500,DEN@NYG,NYG,DEN,,,,RB/FLEX
63499-82731,WR,Brandon,Brandon Zylstra,Zylstra,0.849999984,6,4500,NYJ@CAR,CAR,NYJ,,,,WR/FLEX
63499-72493,WR,Trishton,Trishton Jackson,Jackson,0,2,4500,MIN@CIN,MIN,CIN,,,,WR/FLEX
63499-43826,WR,Tommylee,Tommylee Lewis,Lewis,0.480000019,5,4500,GB@NO,NO,GB,Q,Undisclosed,,WR/FLEX
63499-95031,WR,Isaiah,Isaiah McKoy,McKoy,,,4500,PIT@BUF,PIT,BUF,,,,WR/FLEX
63499-31561,WR,Donte,Donte Moncrief,Moncrief,0.400000016,6,4500,JAC@HOU,HOU,JAC,Q,Undisclosed,,WR/FLEX
63499-41806,WR,Laquon,Laquon Treadwell,Treadwell,3.979999924,5,4500,JAC@HOU,JAC,HOU,,,,WR/FLEX
63499-56142,WR,Juwann,Juwann Winfree,Winfree,,,4500,GB@NO,GB,NO,,,,WR/FLEX
63499-64350,WR,Jeff,Jeff Smith,Smith,3.150000095,8,4500,NYJ@CAR,NYJ,CAR,,,,WR/FLEX
63499-70501,RB,C.J.,C.J. Ham,Ham,1.954545455,11,4500,MIN@CIN,MIN,CIN,,,,RB/FLEX
63499-64357,WR,Michael,Michael Walker,Walker,0,2,4500,PHI@ATL,PHI,ATL,IR,Undisclosed,,WR/FLEX
63499-72552,WR,Branden,Branden Mack,Mack,,,4500,DEN@NYG,DEN,NYG,,,,WR/FLEX
63499-31602,WR,Fred,Fred Brown,Brown,0,1,4500,ARI@TEN,TEN,ARI,,,,WR/FLEX
63499-93055,WR,Isaiah,Isaiah Hodgins,Hodgins,,,4500,PIT@BUF,BUF,PIT,Q,Knee,,WR/FLEX
63499-64389,WR,Nick,Nick Westbrook-Ikhine,Westbrook-Ikhine,1.055555556,9,4500,ARI@TEN,TEN,ARI,,,,WR/FLEX
63499-27527,TE,Blake,Blake Jarwin,Jarwin,0.850000024,2,4500,DAL@TB,DAL,TB,,,,TE/FLEX
63499-45964,WR,Marcus,Marcus Kemp,Kemp,0.800000012,2,4500,CLE@KC,KC,CLE,,,,WR/FLEX
63499-64405,WR,Dan,Dan Chisena,Chisena,,,4500,MIN@CIN,MIN,CIN,IR,Undisclosed,,WR/FLEX
63499-25513,WR,Darius,Darius Jennings,Jennings,0,1,4500,SF@DET,DET,SF,,,,WR/FLEX
63499-54186,WR,A.J.,A.J. Richardson,Richardson,0,2,4500,ARI@TEN,ARI,TEN,,,,WR/FLEX
63499-45997,WR,Keith,Keith Kirkwood,Kirkwood,0.899999976,2,4500,NYJ@CAR,CAR,NYJ,,,,WR/FLEX
63499-72627,RB,Patrick,Patrick Taylor,Taylor,,,4500,GB@NO,GB,NO,,,,RB/FLEX
63499-103352,RB,Christian,Christian Wade,Wade,,,4500,PIT@BUF,BUF,PIT,O,Shoulder,,RB/FLEX
63499-43973,RB,Keith,Keith Smith,Smith,1.008333365,12,4500,PHI@ATL,ATL,PHI,,,,RB/FLEX
63499-93134,RB,Deon,Deon Jackson,Jackson,,,4500,SEA@IND,IND,SEA,,,,RB/FLEX
63499-72669,WR,Isaiah,Isaiah Wright,Wright,2.73333327,12,4500,LAC@WAS,WAS,LAC,,,,WR/FLEX
63499-41954,WR,Victor,Victor Bolden,Bolden,0,1,4500,SF@DET,DET,SF,,,,WR/FLEX
63499-72676,RB,Troymaine,Troymaine Pope,Pope,3.950000048,4,4500,DAL@TB,TB,DAL,Q,Undisclosed,,RB/FLEX
63499-70645,WR,Eli,Eli Stove,Stove,,,4500,LAC@WAS,LAC,WAS,Q,Knee - acl,,WR/FLEX
63499-72693,RB,Adrian,Adrian Killins,Killins,-0.25,2,4500,DEN@NYG,DEN,NYG,IR,Ankle,,RB/FLEX
63499-39930,WR,Reggie,Reggie Davis,Davis,0,2,4500,DAL@TB,DAL,TB,,,,WR/FLEX
63499-70662,WR,Tyler,Tyler Vaughns,Vaughns,,,4500,PIT@BUF,PIT,BUF,,,,WR/FLEX
63499-54280,WR,Duke,Duke Williams,Williams,7.150000095,4,4500,PIT@BUF,BUF,PIT,Q,Hamstring,,WR/FLEX
63499-41997,WR,River,River Cracraft,Cracraft,1.419999981,5,4500,SF@DET,SF,DET,,,,WR/FLEX
63499-72718,RB,Benny,Benny LeMay,LeMay,0,1,4500,SEA@IND,IND,SEA,,,,RB/FLEX
63499-27671,WR,Jake,Jake Kumerow,Kumerow,8.699999809,1,4500,PIT@BUF,BUF,PIT,,,,WR/FLEX
63499-70680,WR,Jalen,Jalen Camp,Camp,,,4500,JAC@HOU,HOU,JAC,,,,WR/FLEX
63499-56356,WR,Isaiah,Isaiah Ford,Ford,4.159999847,10,4500,MIA@NE,MIA,NE,,,,WR/FLEX
63499-154661,WR,Michael,Michael Bandy,Bandy,,,4500,LAC@WAS,LAC,WAS,,,,WR/FLEX
63499-148546,WR,Darece,Darece Roberson Jr.,Roberson Jr.,,,4500,SEA@IND,SEA,IND,,,,WR/FLEX
63499-89157,RB,Caleb,Caleb Huntley,Huntley,,,4500,PHI@ATL,ATL,PHI,,,,RB/FLEX
63499-44103,RB,Elijah,Elijah McGuire,McGuire,0,1,4500,CLE@KC,KC,CLE,Q,Ankle,,RB/FLEX
63499-27721,WR,Justin,Justin Hardee Sr.,Hardee Sr.,0,1,4500,NYJ@CAR,NYJ,CAR,,,,WR/FLEX
63499-68685,WR,Austin,Austin Mack,Mack,2.520000076,5,4500,DEN@NYG,NYG,DEN,Q,Hamstring,,WR/FLEX
63499-72780,RB,Josh,Josh Hokit,Hokit,0,1,4500,SF@DET,SF,DET,,,,RB/FLEX
63499-68686,WR,C.J.,C.J. Saunders,Saunders,,,4500,NYJ@CAR,CAR,NYJ,,,,WR/FLEX
63499-91214,WR,Stephen,Stephen Guidry,Guidry,0,1,4500,DAL@TB,DAL,TB,,,,WR/FLEX
63499-70749,WR,Ryan,Ryan Becker,Becker,0,2,4500,PHI@ATL,ATL,PHI,IR,Undisclosed,,WR/FLEX
63499-64627,WR,Scotty,Scotty Washington,Washington,0,1,4500,MIN@CIN,CIN,MIN,,,,WR/FLEX
63499-52345,WR,Brandon,Brandon Powell,Powell,1.573333359,15,4500,MIA@NE,MIA,NE,,,,WR/FLEX
63499-64634,WR,Alex,Alex Bachman,Bachman,0,1,4500,DEN@NYG,NYG,DEN,Q,Undisclosed,,WR/FLEX
63499-42107,WR,Robert,Robert Foster,Foster,1.566666603,3,4500,MIA@NE,MIA,NE,Q,Undisclosed,,WR/FLEX
63499-83083,WR,Justin,Justin Watson,Watson,2.579999924,5,4500,DAL@TB,TB,DAL,NA,Knee,,WR/FLEX
63499-83086,WR,Daurice,Daurice Fountain,Fountain,1.099999984,3,4500,CLE@KC,KC,CLE,,,,WR/FLEX
63499-89230,RB,Cam,Cam Akers,Akers,9.266666667,15,4500,CHI@LAR,LAR,CHI,IR,Achilles,,RB/FLEX
63499-52371,RB,Kalen,Kalen Ballage,Ballage,6.616666794,12,4500,PIT@BUF,PIT,BUF,,,,RB/FLEX
63499-42142,RB,Jordan,Jordan Howard,Howard,3.775000095,8,4500,PHI@ATL,PHI,ATL,,,,RB/FLEX
63499-25760,WR,Allen,Allen Hurns,Hurns,0,1,4500,MIA@NE,MIA,NE,IR,Wrist,,WR/FLEX
63499-62628,WR,DeAndre,DeAndre Carter,Carter,0.233333329,12,4500,LAC@WAS,WAS,LAC,,,,WR/FLEX
63499-91305,WR,Jeremiah,Jeremiah Haydel,Haydel,,,4500,CHI@LAR,LAR,CHI,,,,WR/FLEX
63499-52397,RB,Devante,Devante Downs,Downs,0,1,4500,DEN@NYG,NYG,DEN,,,,RB/FLEX
63499-52405,WR,Jalen,Jalen Hurd,Hurd,0,1,4500,SF@DET,SF,DET,Q,Knee,,WR/FLEX
63499-52409,RB,Jakob,Jakob Johnson,Johnson,1.6875,8,4500,MIA@NE,NE,MIA,,,,RB/FLEX
63499-52410,WR,Josh,Josh Malone,Malone,1.200000048,4,4500,NYJ@CAR,NYJ,CAR,,,,WR/FLEX
63499-89287,WR,Tamorrion,Tamorrion Terry,Terry,,,4500,SEA@IND,SEA,IND,,,,WR/FLEX
63499-54472,WR,Cam,Cam Sims,Sims,6.007142748,14,4500,LAC@WAS,WAS,LAC,,,,WR/FLEX
63499-64718,WR,Kai,Kai Locksley,Locksley,,,4500,MIA@NE,MIA,NE,,,,WR/FLEX
63499-40148,WR,Ishmael,Ishmael Hyman,Hyman,0,2,4500,NYJ@CAR,CAR,NYJ,,,,WR/FLEX
63499-70868,RB,Damarea,Damarea Crockett,Crockett,,,4500,DEN@NYG,DEN,NYG,,,,RB/FLEX
63499-48344,WR,Albert,Albert Wilson,Wilson,0,1,4500,MIA@NE,MIA,NE,,,,WR/FLEX
63499-130265,WR,John,John Hurst,Hurst,,,4500,LAC@WAS,LAC,WAS,,,,WR/FLEX
63499-130268,WR,Josh,Josh Pearson,Pearson,,,4500,DAL@TB,TB,DAL,,,,WR/FLEX
63499-68835,RB,CJ,CJ Marable,Marable,,,4500,CHI@LAR,CHI,LAR,,,,RB/FLEX
63499-130275,WR,Kristian,Kristian Wilkerson,Wilkerson,0,1,4500,MIA@NE,NE,MIA,,,,WR/FLEX
63499-130274,WR,Isaiah,Isaiah Coulter,Coulter,,,4500,CHI@LAR,CHI,LAR,,,,WR/FLEX
63499-130276,WR,Mason,Mason Kinsey,Kinsey,0,1,4500,ARI@TEN,TEN,ARI,,,,WR/FLEX
63499-130279,WR,Matt,Matt Cole,Cole,0,1,4500,DEN@NYG,NYG,DEN,,,,WR/FLEX
63499-70892,RB,A.J.,A.J. Rose Jr.,Rose Jr.,,,4500,MIN@CIN,MIN,CIN,,,,RB/FLEX
63499-11504,WR,Andre,Andre Roberts,Roberts,0.061111112,18,4500,JAC@HOU,HOU,JAC,Q,Knee,,WR/FLEX
63499-44280,WR,JoJo,JoJo Natson,Natson,0.075000003,4,4500,CLE@KC,CLE,KC,,,,WR/FLEX
63499-72955,WR,Antonio,Antonio Nunn,Nunn,,,4500,PHI@ATL,ATL,PHI,,,,WR/FLEX
63499-29949,WR,Marvin,Marvin Hall,Hall,4.663636294,11,4500,MIA@NE,NE,MIA,Q,Undisclosed,,WR/FLEX
63499-89342,WR,Jonathan,Jonathan Adams Jr.,Adams Jr.,,,4500,SF@DET,DET,SF,,,,WR/FLEX
63499-72961,WR,Anthony,Anthony Johnson,Johnson,0,1,4500,PIT@BUF,PIT,BUF,,,,WR/FLEX
63499-130309,WR,J.J.,J.J. Koski,Koski,0,2,4500,CHI@LAR,LAR,CHI,,,,WR/FLEX
63499-130315,WR,Chris,Chris Rowland,Rowland,0,2,4500,PHI@ATL,ATL,PHI,,,,WR/FLEX
63499-130317,WR,Juwan,Juwan Green,Green,0,1,4500,PHI@ATL,ATL,PHI,,,,WR/FLEX
63499-130318,RB,Mikey,Mikey Daniel,Daniel,0,1,4500,NYJ@CAR,CAR,NYJ,,,,RB/FLEX
63499-130320,WR,Aaron,Aaron Parker,Parker,0,1,4500,NYJ@CAR,CAR,NYJ,,,,WR/FLEX
63499-72981,WR,Aleva,Aleva Hifo,Hifo,,,4500,ARI@TEN,ARI,TEN,,,,WR/FLEX
63499-130326,WR,Manasseh,Manasseh Bailey,Bailey,0,1,4500,NYJ@CAR,NYJ,CAR,,,,WR/FLEX
63499-68890,WR,Devin,Devin Gray,Gray,0,1,4500,BAL@LV,BAL,LV,,,,WR/FLEX
63499-130335,WR,Reggie,Reggie Begelton,Begelton,,,4500,GB@NO,GB,NO,,,,WR/FLEX
63499-60704,WR,Derrick,Derrick Dillon,Dillon,0,1,4500,DEN@NYG,NYG,DEN,Q,Undisclosed,,WR/FLEX
63499-29985,WR,Jaydon,Jaydon Mickens,Mickens,0.664285728,14,4500,DAL@TB,TB,DAL,,,,WR/FLEX
63499-130336,RB,Sandro,Sandro Platzgummer,Platzgummer,0,1,4500,DEN@NYG,NYG,DEN,,,,RB/FLEX
63499-130338,WR,Rysen,Rysen John,John,0,1,4500,DEN@NYG,NYG,DEN,IR,Ankle,,WR/FLEX
63499-91428,WR,Tarik,Tarik Black,Black,,,4500,SEA@IND,IND,SEA,,,,WR/FLEX
63499-46374,WR,Tanner,Tanner Gentry,Gentry,,,4500,PIT@BUF,BUF,PIT,,,,WR/FLEX
63499-91431,RB,Ben,Ben Mason,Mason,,,4500,MIA@NE,NE,MIA,,,,RB/FLEX
63499-130343,WR,Jeff,Jeff Cotton Jr.,Cotton Jr.,0,1,4500,JAC@HOU,JAC,HOU,,,,WR/FLEX
63499-60712,TE,Foster,Foster Moreau,Moreau,4.214285714,7,4500,BAL@LV,LV,BAL,,,,TE/FLEX
63499-64808,WR,Juwan,Juwan Johnson,Johnson,1.180000019,5,4500,GB@NO,NO,GB,,,,WR/FLEX
63499-130345,WR,Michael,Michael Dereus,Dereus,0,1,4500,BAL@LV,BAL,LV,,,,WR/FLEX
63499-89384,WR,DeMichael,DeMichael Harris,Harris,2.916666667,6,4500,SEA@IND,IND,SEA,,,,WR/FLEX
63499-130350,WR,Jaylon,Jaylon Moore,Moore,0,1,4500,BAL@LV,BAL,LV,,,,WR/FLEX
63499-64827,WR,Miles,Miles Boykin,Boykin,4.239999898,15,4500,BAL@LV,BAL,LV,IR,Hamstring,,WR/FLEX
63499-85306,WR,KhaDarel,KhaDarel Hodge,Hodge,2.9375,8,4500,SF@DET,DET,SF,,,,WR/FLEX
63499-64828,WR,Chris,Chris Finke,Finke,0,1,4500,CLE@KC,KC,CLE,Q,Undisclosed,,WR/FLEX
63499-64835,RB,Dexter,Dexter Williams,Williams,0.400000006,2,4500,DEN@NYG,NYG,DEN,,,,RB/FLEX
63499-56648,RB,Jeremy,Jeremy McNichols,McNichols,2.393749952,16,4500,ARI@TEN,TEN,ARI,,,,RB/FLEX
63499-52553,WR,De'Mornay,De'Mornay Pierson-El,Pierson-El,,,4500,DEN@NYG,DEN,NYG,,,,WR/FLEX
63499-52560,WR,Geronimo,Geronimo Allison,Allison,0,1,4500,SF@DET,DET,SF,,,,WR/FLEX
63499-73046,WR,Tre,Tre Nixon,Nixon,,,4500,MIA@NE,NE,MIA,,,,WR/FLEX
63499-89437,WR,Tim,Tim Jones,Jones,,,4500,JAC@HOU,JAC,HOU,Q,Undisclosed,,WR/FLEX
63499-60765,WR,Brian,Brian Cole,Cole,0,1,4500,NYJ@CAR,CAR,NYJ,,,,WR/FLEX
63499-91504,WR,Blake,Blake Proehl,Proehl,,,4500,MIN@CIN,MIN,CIN,IR,Leg,,WR/FLEX
63499-52598,WR,Johnnie,Johnnie Dixon,Dixon,0,2,4500,DAL@TB,DAL,TB,,,,WR/FLEX
63499-52602,WR,DeAndre,DeAndre Thompkins,Thompkins,0,1,4500,GB@NO,GB,NO,Q,Undisclosed,,WR/FLEX
63499-56698,WR,Dante,Dante Pettis,Pettis,2.26666673,6,4500,DEN@NYG,NYG,DEN,,,,WR/FLEX
63499-71039,WR,Kelvin,Kelvin Harmon,Harmon,0,1,4500,LAC@WAS,WAS,LAC,,,,WR/FLEX
63499-64901,RB,Cameron,Cameron Scarlett,Scarlett,,,4500,SEA@IND,SEA,IND,,,,RB/FLEX
63499-93577,WR,Dazz,Dazz Newsome,Newsome,,,4500,CHI@LAR,CHI,LAR,,,,WR/FLEX
63499-64905,WR,Trenton,Trenton Irwin,Irwin,0.5,2,4500,MIN@CIN,CIN,MIN,,,,WR/FLEX
63499-64907,WR,JJ,JJ Arcega-Whiteside,Arcega-Whiteside,3.7,5,4500,PHI@ATL,PHI,ATL,,,,WR/FLEX
63499-28055,WR,Amara,Amara Darboh,Darboh,0,1,4500,DEN@NYG,DEN,NYG,,,,WR/FLEX
63499-73116,WR,Javon,Javon McKinley,McKinley,,,4500,SF@DET,DET,SF,,,,WR/FLEX
63499-64926,WR,Michael,Michael Jacquet III,Jacquet III,0,1,4500,PHI@ATL,PHI,ATL,,,,WR/FLEX
63499-73121,RB,Tony,Tony Jones Jr.,Jones Jr.,1.299999952,1,4500,GB@NO,NO,GB,,,,RB/FLEX
63499-32161,WR,Gehrig,Gehrig Dieter,Dieter,1.5,1,4500,CLE@KC,KC,CLE,,,,WR/FLEX
63499-60835,WR,Isaac,Isaac Whitney,Whitney,,,4500,ARI@TEN,ARI,TEN,,,,WR/FLEX
63499-60838,WR,Andre,Andre Baccellia,Baccellia,0,1,4500,ARI@TEN,ARI,TEN,,,,WR/FLEX
63499-62891,WR,Omar,Omar Bayless,Bayless,0,2,4500,NYJ@CAR,CAR,NYJ,,,,WR/FLEX
63499-28080,WR,Devin,Devin Funchess,Funchess,4.699999809,1,4500,GB@NO,GB,NO,Q,Hamstring,,WR/FLEX
63499-60849,WR,Blake,Blake Lynch,Lynch,,,4500,MIN@CIN,MIN,CIN,,,,WR/FLEX
63499-64949,WR,Ja'Marcus,Ja'Marcus Bradley,Bradley,4.25,2,4500,CLE@KC,CLE,KC,,,,WR/FLEX
63499-60861,WR,Damion,Damion Ratley,Ratley,1.383333365,6,4500,SF@DET,DET,SF,,,,WR/FLEX
63499-71105,WR,Ben,Ben Skowronek,Skowronek,,,4500,CHI@LAR,LAR,CHI,O,Forearm,,WR/FLEX
63499-69056,WR,Mathew,Mathew Sexton,Sexton,,,4500,PIT@BUF,PIT,BUF,,,,WR/FLEX
63499-64962,RB,LeVante,LeVante Bellamy,Bellamy,0.699999968,3,4500,DEN@NYG,DEN,NYG,IR,Ankle,,RB/FLEX
63499-26057,RB,Michael,Michael Burton,Burton,1.137500048,8,4500,CLE@KC,KC,CLE,,,,RB/FLEX
63499-64973,WR,Micah,Micah Simon,Simon,,,4500,NYJ@CAR,CAR,NYJ,,,,WR/FLEX
63499-69068,RB,Jonathan,Jonathan Ward,Ward,1.899999976,4,4500,ARI@TEN,ARI,TEN,,,,RB/FLEX
63499-64974,RB,Francis,Francis Bernard,Bernard,0,1,4500,DAL@TB,DAL,TB,IR,Hamstring,,RB/FLEX
63499-71120,WR,Riley,Riley Lees,Lees,,,4500,MIN@CIN,CIN,MIN,,,,WR/FLEX
63499-103896,WR,Nsimba,Nsimba Webster,Webster,-0.125,16,4500,CHI@LAR,CHI,LAR,,,,WR/FLEX
63499-21980,WR,Alshon,Alshon Jeffery,Jeffery,2.5625,8,4500,PHI@ATL,PHI,ATL,,,,WR/FLEX
63499-103901,WR,Davion,Davion Davis,Davis,,,4500,CLE@KC,CLE,KC,IR,Suspension,,WR/FLEX
63499-73180,WR,Binjimen,Binjimen Victor,Victor,0,1,4500,BAL@LV,BAL,LV,Q,Head,,WR/FLEX
63499-103902,WR,Alexander,Alexander Hollins,Hollins,2.799999952,2,4500,CLE@KC,CLE,KC,,,,WR/FLEX
63499-32235,WR,Marcus,Marcus Johnson,Johnson,4.0625,8,4500,ARI@TEN,TEN,ARI,IR,Undisclosed,,WR/FLEX
63499-28157,WR,Bennie,Bennie Fowler III,Fowler III,2.099999905,1,4500,SF@DET,SF,DET,,,,WR/FLEX
63499-54782,TE,Cameron,Cameron Brate,Brate,4.982352762,17,4500,DAL@TB,TB,DAL,,,,TE/FLEX
63499-103943,WR,Trinity,Trinity Benson,Benson,0,1,4500,SF@DET,DET,SF,,,,WR/FLEX
63499-89613,WR,Simi,Simi Fehoko,Fehoko,,,4500,DAL@TB,DAL,TB,,,,WR/FLEX
63499-62994,WR,Steven,Steven Sims Jr.,Sims Jr.,3.928571429,14,4500,PIT@BUF,PIT,BUF,,,,WR/FLEX
63499-22035,WR,Travis,Travis Benjamin,Benjamin,0,1,4500,SF@DET,SF,DET,Q,Concussion,,WR/FLEX
63499-73247,RB,Kene,Kene Nwangwu,Nwangwu,,,4500,MIN@CIN,MIN,CIN,IR,Knee,,RB/FLEX
63499-69150,WR,Jordan,Jordan Veasy,Veasy,0,1,4500,JAC@HOU,HOU,JAC,,,,WR/FLEX
63499-89632,WR,Connor,Connor Wedington,Wedington,,,4500,SEA@IND,SEA,IND,,,,WR/FLEX
63499-38444,RB,Tyler,Tyler Gaffney,Gaffney,,,4500,MIA@NE,NE,MIA,,,,RB/FLEX
63499-63025,RB,Nathan,Nathan Cottrell,Cottrell,0,6,4500,JAC@HOU,JAC,HOU,,,,RB/FLEX
63499-60978,RB,Carl,Carl Tucker,Tucker,,,4500,MIA@NE,MIA,NE,,,,RB/FLEX
63499-60983,WR,Anthony,Anthony Ratliff-Williams,Ratliff-Williams,,,4500,SEA@IND,SEA,IND,,,,WR/FLEX
63499-71228,WR,Marquez,Marquez Stevenson,Stevenson,,,4500,PIT@BUF,BUF,PIT,IR,Head,,WR/FLEX
63499-103998,WR,Thomas,Thomas Ives,Ives,0,2,4500,CHI@LAR,CHI,LAR,Q,Undisclosed,,WR/FLEX
63499-87617,WR,Sage,Sage Surratt,Surratt,,,4500,SF@DET,DET,SF,,,,WR/FLEX
63499-52808,RB,Dontrell,Dontrell Hilliard,Hilliard,1.1,5,4500,JAC@HOU,HOU,JAC,Q,Undisclosed,,RB/FLEX
63499-104012,WR,Ashton,Ashton Dulin,Dulin,0.877777788,9,4500,SEA@IND,IND,SEA,,,,WR/FLEX
63499-54863,WR,C.J.,C.J. Goodwin,Goodwin,0,5,4500,DAL@TB,DAL,TB,,,,WR/FLEX
63499-63061,WR,Gary,Gary Jennings,Jennings,0,1,4500,SEA@IND,IND,SEA,Q,Undisclosed,,WR/FLEX
63499-69215,WR,Josh,Josh Imatorbhebhe,Imatorbhebhe,,,4500,JAC@HOU,JAC,HOU,Q,Undisclosed,,WR/FLEX
63499-22113,RB,Alfred,Alfred Morris,Morris,3.920000076,10,4500,DEN@NYG,NYG,DEN,,,,RB/FLEX
63499-87657,WR,Seth,Seth Williams,Williams,,,4500,DEN@NYG,DEN,NYG,,,,WR/FLEX
63499-104041,WR,Myron,Myron Mitchell,Mitchell,,,4500,MIN@CIN,MIN,CIN,,,,WR/FLEX
63499-71280,WR,Kalija,Kalija Lipscomb,Lipscomb,,,4500,ARI@TEN,TEN,ARI,,,,WR/FLEX
63499-38514,WR,Kevin,Kevin White,White,0,2,4500,GB@NO,NO,GB,,,,WR/FLEX
63499-56946,WR,Ventell,Ventell Bryant,Bryant,0,1,4500,NYJ@CAR,CAR,NYJ,IR,Suspension,,WR/FLEX
63499-93824,WR,Easop,Easop Winston Jr.,Winston Jr.,0,2,4500,GB@NO,NO,GB,,,,WR/FLEX
63499-91783,WR,Warren,Warren Jackson,Jackson,,,4500,MIN@CIN,MIN,CIN,,,,WR/FLEX
63499-61072,WR,Stanley,Stanley Morgan,Morgan,0,1,4500,MIN@CIN,CIN,MIN,,,,WR/FLEX
63499-52902,WR,Trey,Trey Quinn,Quinn,0,3,4500,BAL@LV,LV,BAL,Q,Undisclosed,,WR/FLEX
63499-7856,WR,Matthew,Matthew Slater,Slater,0,1,4500,MIA@NE,NE,MIA,,,,WR/FLEX
63499-89785,RB,Spencer,Spencer Brown,Brown,,,4500,NYJ@CAR,CAR,NYJ,,,,RB/FLEX
63499-71355,RB,Elijah,Elijah Holyfield,Holyfield,0,1,4500,PHI@ATL,PHI,ATL,,,,RB/FLEX
63499-104124,WR,Darrius,Darrius Shepherd,Shepherd,0.728571415,7,4500,CLE@KC,KC,CLE,,,,WR/FLEX
63499-69310,WR,Josh,Josh Hammond,Hammond,0,2,4500,JAC@HOU,JAC,HOU,,,,WR/FLEX
63499-73406,WR,DeVontres,DeVontres Dukes,Dukes,,,4500,DEN@NYG,DEN,NYG,Q,Undisclosed,,WR/FLEX
63499-71360,WR,Tyler,Tyler Simmons,Simmons,,,4500,PIT@BUF,PIT,BUF,,,,WR/FLEX
63499-52931,RB,Eli,Eli Penny,Penny,0.642857143,7,4500,DEN@NYG,NYG,DEN,,,,RB/FLEX
63499-69325,WR,Riley,Riley Ridley,Ridley,2.1,5,4500,CHI@LAR,CHI,LAR,,,,WR/FLEX
63499-71372,WR,Tyrie,Tyrie Cleveland,Cleveland,1.328571456,7,4500,DEN@NYG,DEN,NYG,,,,WR/FLEX
63499-65231,RB,Adam,Adam Prentice,Prentice,,,4500,GB@NO,NO,GB,,,,RB/FLEX
63499-85714,RB,Tory,Tory Carter,Carter,,,4500,ARI@TEN,TEN,ARI,,,,RB/FLEX
63499-71382,WR,Osirus,Osirus Mitchell,Mitchell,,,4500,DAL@TB,DAL,TB,,,,WR/FLEX
63499-89817,WR,Austin,Austin Watkins Jr.,Watkins Jr.,,,4500,SF@DET,SF,DET,Q,Foot,,WR/FLEX
63499-69343,WR,Landen,Landen Akers,Akers,,,4500,CHI@LAR,LAR,CHI,,,,WR/FLEX
63499-40674,WR,Jester,Jester Weah,Weah,0,1,4500,CHI@LAR,CHI,LAR,,,,WR/FLEX
63499-85731,WR,Racey,Racey McMath,McMath,,,4500,ARI@TEN,TEN,ARI,,,,WR/FLEX
63499-147168,WR,Chris,Chris Blair,Blair,,,4500,GB@NO,GB,NO,,,,WR/FLEX
63499-57064,RB,Ryan,Ryan Nall,Nall,1.670000076,10,4500,CHI@LAR,CHI,LAR,,,,RB/FLEX
63499-38634,WR,Ryan,Ryan Switzer,Switzer,0,1,4500,CLE@KC,CLE,KC,IR,Foot,,WR/FLEX
63499-87787,RB,J.K.,J.K. Dobbins,Dobbins,10.61764706,17,4500,BAL@LV,BAL,LV,IR,Knee - acl,,RB/FLEX
63499-71414,WR,Quartney,Quartney Davis,Davis,,,4500,SEA@IND,IND,SEA,IR,Shoulder,,WR/FLEX
63499-26384,RB,Trey,Trey Edmunds,Edmunds,0,1,4500,PIT@BUF,PIT,BUF,,,,RB/FLEX
63499-61200,WR,Jaylinn,Jaylinn Hawkins,Hawkins,0,1,4500,PHI@ATL,ATL,PHI,,,,WR/FLEX
63499-55088,WR,Malik,Malik Turner,Turner,0,1,4500,DAL@TB,DAL,TB,IR,Foot,,WR/FLEX
63499-65331,RB,Sutton,Sutton Smith,Smith,0,1,4500,GB@NO,NO,GB,,,,RB/FLEX
63499-71477,WR,Maurice,Maurice Ffrench,Ffrench,,,4500,CLE@KC,KC,CLE,,,,WR/FLEX
63499-73551,WR,Stantley,Stantley Thomas-Oliver III,Thomas-Oliver III,0,2,4500,NYJ@CAR,CAR,NYJ,,,,WR/FLEX
63499-28502,WR,Devin,Devin Smith,Smith,6.599999746,3,4500,JAC@HOU,JAC,HOU,,,,WR/FLEX
63499-63319,WR,K.J.,K.J. Hill,Hill,0.800000017,11,4500,LAC@WAS,LAC,WAS,,,,WR/FLEX
63499-26458,WR,Tavon,Tavon Austin,Austin,0.416666667,6,4500,JAC@HOU,JAC,HOU,IR,Quadriceps,,WR/FLEX
63499-71519,WR,Dillon,Dillon Stoner,Stoner,,,4500,BAL@LV,LV,BAL,,,,WR/FLEX
63499-104289,WR,Malik,Malik Taylor,Taylor,1.6,10,4500,GB@NO,GB,NO,,,,WR/FLEX
63499-63330,RB,Mike,Mike Weber,Weber,,,4500,DEN@NYG,NYG,DEN,Q,Hip,,RB/FLEX
63499-104297,WR,Jason,Jason Moore Jr.,Moore Jr.,0,1,4500,LAC@WAS,LAC,WAS,Q,Undisclosed,,WR/FLEX
63499-89970,WR,Amari,Amari Rodgers,Rodgers,,,4500,GB@NO,GB,NO,,,,WR/FLEX
63499-63360,WR,Antonio,Antonio Callaway,Callaway,0.75,4,4500,CLE@KC,KC,CLE,Q,Knee,,WR/FLEX
63499-28545,RB,Rod,Rod Smith,Smith,0,1,4500,NYJ@CAR,CAR,NYJ,,,,RB/FLEX
63499-40843,RB,Alex,Alex Collins,Collins,6.866666794,3,4500,SEA@IND,SEA,IND,,,,RB/FLEX
63499-69518,WR,T.J.,T.J. Simmons Jr.,Simmons Jr.,,,4500,DAL@TB,TB,DAL,,,,WR/FLEX
63499-63383,RB,Jordan,Jordan Scarlett,Scarlett,0,2,4500,MIA@NE,MIA,NE,,,,RB/FLEX
63499-71578,RB,Artavis,Artavis Pierce,Pierce,1.879999924,5,4500,CHI@LAR,CHI,LAR,,,,RB/FLEX
63499-14237,TE,Kyle,Kyle Rudolph,Rudolph,4.28333346,12,4500,DEN@NYG,NYG,DEN,Q,Foot,,TE/FLEX
63499-40866,WR,J'Mon,J'Mon Moore,Moore,0,1,4500,PHI@ATL,ATL,PHI,Q,Undisclosed,,WR/FLEX
63499-63399,WR,Terry,Terry Godwin,Godwin,1.25,4,4500,JAC@HOU,JAC,HOU,IR,Undisclosed,,WR/FLEX
63499-34729,RB,Dwayne,Dwayne Washington,Washington,0.283333341,6,4500,GB@NO,NO,GB,,,,RB/FLEX
63499-63403,RB,Tae,Tae Crowder,Crowder,3,2,4500,DEN@NYG,NYG,DEN,,,,RB/FLEX
63499-69558,WR,Greg,Greg Dortch,Dortch,0,2,4500,ARI@TEN,ARI,TEN,,,,WR/FLEX
63499-55224,RB,Reggie,Reggie Bonnafon,Bonnafon,3.924999952,4,4500,NYJ@CAR,CAR,NYJ,Q,Undisclosed,,RB/FLEX
63499-63419,WR,Andy,Andy Isabella,Isabella,4.027272658,11,4500,ARI@TEN,ARI,TEN,,,,WR/FLEX
63499-92093,WR,Jaelon,Jaelon Darden,Darden,,,4500,DAL@TB,TB,DAL,,,,WR/FLEX
63499-32703,WR,Jakeem,Jakeem Grant,Grant,4.950000218,14,4500,MIA@NE,MIA,NE,,,,WR/FLEX
63499-61379,RB,Kerrith,Kerrith Whyte Jr.,Whyte Jr.,0,1,4500,PIT@BUF,BUF,PIT,,,,RB/FLEX
63499-104388,WR,Tom,Tom Kennedy,Kennedy,0,1,4500,SF@DET,DET,SF,,,,WR/FLEX
63499-69577,RB,Tre,Tre Harbison,Harbison,,,4500,CLE@KC,CLE,KC,IR,Concussion,,RB/FLEX
63499-40932,WR,Pharoh,Pharoh Cooper,Cooper,0.653333346,15,4500,JAC@HOU,JAC,HOU,,,,WR/FLEX
63499-104424,RB,Craig,Craig Reynolds,Reynolds,0.400000016,3,4500,SF@DET,DET,SF,,,,RB/FLEX
63499-71661,WR,Tino,Tino Ellis,Ellis,,,4500,MIA@NE,MIA,NE,,,,WR/FLEX
63499-104429,WR,Khalil,Khalil McClain,McClain,,,4500,MIA@NE,MIA,NE,,,,WR/FLEX
63499-65518,WR,John,John Ursua,Ursua,0,1,4500,SEA@IND,SEA,IND,IR,Knee - acl,,WR/FLEX
63499-14319,RB,Taiwan,Taiwan Jones,Jones,0,3,4500,PIT@BUF,BUF,PIT,,,,RB/FLEX
63499-71662,WR,DJ,DJ Turner,Turner,,,4500,BAL@LV,LV,BAL,,,,WR/FLEX
63499-63479,RB,John,John Kelly,Kelly,0,1,4500,CLE@KC,CLE,KC,,,,RB/FLEX
63499-28694,TE,Jesse,Jesse James,James,2.658333302,12,4400,CHI@LAR,CHI,LAR,,,,TE/FLEX
63499-55336,TE,Chris,Chris Herndon,Herndon,4.476923136,13,4400,MIN@CIN,MIN,CIN,,,,TE/FLEX
63499-86244,TE,Pat,Pat Freiermuth,Freiermuth,,,4400,PIT@BUF,PIT,BUF,,,,TE/FLEX
63499-12541,D,New England,New England Patriots,Patriots,6.75,16,4400,MIA@NE,NE,MIA,,,,DEF
63499-54007,TE,Jacob,Jacob Hollister,Hollister,3.560000102,15,4400,JAC@HOU,JAC,HOU,,,,TE/FLEX
63499-72515,TE,Ian,Ian Thomas,Thomas,2.346153846,13,4400,NYJ@CAR,CAR,NYJ,,,,TE/FLEX
63499-60451,TE,Tyler,Tyler Conklin,Conklin,4.985714504,7,4400,MIN@CIN,MIN,CIN,,,,TE/FLEX
63499-56708,TE,Will,Will Dissly,Dissly,3.106250048,16,4400,SEA@IND,SEA,IND,,,,TE/FLEX
63499-38301,TE,Darren,Darren Fells,Fells,5.474999746,12,4400,SF@DET,DET,SF,,,,TE/FLEX
63499-14348,TE,Lee,Lee Smith,Smith,3.5,5,4300,PHI@ATL,ATL,PHI,,,,TE/FLEX
63499-12548,D,Los Angeles,Los Angeles Chargers,Chargers,5,16,4300,LAC@WAS,LAC,WAS,,,,DEF
63499-6672,TE,Marcedes,Marcedes Lewis,Lewis,3.454545455,11,4300,GB@NO,GB,NO,,,,TE/FLEX
63499-29314,TE,Richard,Richard Rodgers,Rodgers,7.3125,8,4300,PHI@ATL,PHI,ATL,,,,TE/FLEX
63499-29411,TE,Pharaoh,Pharaoh Brown,Brown,4.412499905,8,4300,JAC@HOU,HOU,JAC,,,,TE/FLEX
63499-56711,TE,Drew,Drew Sample,Sample,3.681250095,16,4300,MIN@CIN,CIN,MIN,,,,TE/FLEX
63499-28346,TE,Maxx,Maxx Williams,Williams,2.525000095,8,4300,ARI@TEN,ARI,TEN,Q,Illness,,TE/FLEX
63499-104278,TE,Donald,Donald Parham Jr.,Parham Jr.,3.890000153,10,4300,LAC@WAS,LAC,WAS,,,,TE/FLEX
63499-79967,TE,Adam,Adam Shaheen,Shaheen,3,13,4200,MIA@NE,MIA,NE,IR,Illness,,TE/FLEX
63499-63697,TE,Brycen,Brycen Hopkins,Hopkins,0,2,4200,CHI@LAR,LAR,CHI,,,,TE/FLEX
63499-12552,D,Washington,Washington Football Team,Football Team,7.823529412,17,4200,LAC@WAS,WAS,LAC,,,,DEF
63499-41469,TE,Darrell,Darrell Daniels,Daniels,2.400000095,8,4200,ARI@TEN,ARI,TEN,,,,TE/FLEX
63499-62510,TE,Nick,Nick Boyle,Boyle,3.366666582,9,4200,BAL@LV,BAL,LV,D,Knee - mcl,,TE/FLEX
63499-83138,TE,Ross,Ross Dwelley,Dwelley,3.333333333,12,4200,SF@DET,SF,DET,,,,TE/FLEX
63499-70859,TE,Albert,Albert Okwuegbunam,Okwuegbunam,5.900000095,4,4200,DEN@NYG,DEN,NYG,,,,TE/FLEX
63499-73089,TE,Devin,Devin Asiasi,Asiasi,2.179999924,5,4200,MIA@NE,NE,MIA,,,,TE/FLEX
63499-18009,TE,Chris,Chris Manhertz,Manhertz,1.171428544,7,4200,JAC@HOU,JAC,HOU,,,,TE/FLEX
63499-38523,TE,Geoff,Geoff Swaim,Swaim,2.82857132,7,4200,ARI@TEN,TEN,ARI,,,,TE/FLEX
63499-61112,TE,Josiah,Josiah Deguara,Deguara,1.700000048,1,4200,GB@NO,GB,NO,,,,TE/FLEX
63499-94094,TE,Brevin,Brevin Jordan,Jordan,,,4200,JAC@HOU,HOU,JAC,,,,TE/FLEX
63499-28570,TE,Nick,Nick Vannett,Vannett,2.045454545,11,4200,GB@NO,NO,GB,IR,Knee,,TE/FLEX
63499-79980,TE,Eric,Eric Saubert,Saubert,0.516666651,6,4100,DEN@NYG,DEN,NYG,,,,TE/FLEX
63499-71806,TE,Kaden,Kaden Smith,Smith,1.442857197,14,4100,DEN@NYG,NYG,DEN,,,,TE/FLEX
63499-86178,TE,Dominique,Dominique Dafney,Dafney,2.400000095,4,4100,GB@NO,GB,NO,,,,TE/FLEX
63499-12531,D,Denver,Denver Broncos,Broncos,5.0625,16,4100,DEN@NYG,DEN,NYG,,,,DEF
63499-12535,D,Indianapolis,Indianapolis Colts,Colts,8.647058824,17,4100,SEA@IND,IND,SEA,,,,DEF
63499-65839,TE,Kahale,Kahale Warring,Warring,1.25,4,4100,PIT@BUF,BUF,PIT,,,,TE/FLEX
63499-55609,TE,Ryan,Ryan Izzo,Izzo,2.439999962,10,4100,DEN@NYG,NYG,DEN,,,,TE/FLEX
63499-22920,TE,Derek,Derek Carrier,Carrier,0.949999988,2,4100,BAL@LV,LV,BAL,,,,TE/FLEX
63499-45472,TE,Garrett,Garrett Griffin,Griffin,,,4100,GB@NO,NO,GB,,,,TE/FLEX
63499-63907,TE,Josh,Josh Oliver,Oliver,0,2,4100,BAL@LV,BAL,LV,,,,TE/FLEX
63499-47551,TE,Mason,Mason Schreck,Schreck,0,2,4100,MIN@CIN,CIN,MIN,,,,TE/FLEX
63499-31169,TE,Jeremy,Jeremy Sprinkle,Sprinkle,0.480000019,5,4100,DAL@TB,DAL,TB,,,,TE/FLEX
63499-84440,TE,Jaeden,Jaeden Graham,Graham,0.666666667,6,4100,PHI@ATL,ATL,PHI,IR,Knee,,TE/FLEX
63499-86770,TE,Hunter,Hunter Bryant,Bryant,1.633333365,3,4100,SF@DET,DET,SF,IR,Undisclosed,,TE/FLEX
63499-27403,TE,Blake,Blake Bell,Bell,1.518181888,11,4100,CLE@KC,KC,CLE,,,,TE/FLEX
63499-56212,TE,Tommy,Tommy Sweeney,Sweeney,3.079999924,5,4100,PIT@BUF,BUF,PIT,,,,TE/FLEX
63499-91101,TE,Tommy,Tommy Tremble,Tremble,,,4100,NYJ@CAR,CAR,NYJ,,,,TE/FLEX
63499-72705,TE,John,John Bates,Bates,,,4100,LAC@WAS,WAS,LAC,,,,TE/FLEX
63499-70705,TE,Trevon,Trevon Wesco,Wesco,0.333333333,3,4100,NYJ@CAR,NYJ,CAR,,,,TE/FLEX
63499-68730,TE,Sean,Sean McKeon,McKeon,0,1,4100,DAL@TB,DAL,TB,IR,Ankle,,TE/FLEX
63499-89283,TE,Tre',Tre' McKitty,McKitty,,,4100,LAC@WAS,LAC,WAS,,,,TE/FLEX
63499-64833,TE,Alize,Alize Mack,Mack,,,4100,SF@DET,DET,SF,,,,TE/FLEX
63499-64864,TE,Noah,Noah Togiai,Togiai,0,2,4100,SEA@IND,IND,SEA,Q,Undisclosed,,TE/FLEX
63499-73176,TE,Luke,Luke Farrell,Farrell,,,4100,JAC@HOU,JAC,HOU,,,,TE/FLEX
63499-103900,TE,Brandon,Brandon Dillon,Dillon,1.100000024,1,4100,MIN@CIN,MIN,CIN,,,,TE/FLEX
63499-62998,TE,Jace,Jace Sternberger,Sternberger,2.924999952,8,4100,GB@NO,GB,NO,IR,Suspension,,TE/FLEX
63499-71351,TE,Charlie,Charlie Woerner,Woerner,1.274999976,4,4100,SF@DET,SF,DET,,,,TE/FLEX
63499-16078,TE,Ross,Ross Travis,Travis,0,1,4100,ARI@TEN,ARI,TEN,,,,TE/FLEX
63499-85994,TE,Dalton,Dalton Keene,Keene,0.774999976,4,4100,MIA@NE,NE,MIA,IR,Knee - meniscus,,TE/FLEX
63499-90123,TE,Quintin,Quintin Morris,Morris,,,4000,PIT@BUF,BUF,PIT,,,,TE/FLEX
63499-71697,TE,Shaun,Shaun Beyer,Beyer,,,4000,DEN@NYG,DEN,NYG,,,,TE/FLEX
63499-40977,TE,Ricky,Ricky Seals-Jones,Seals-Jones,0,1,4000,LAC@WAS,WAS,LAC,,,,TE/FLEX
63499-137249,TE,Briley,Briley Moore-McKinney,Moore-McKinney,,,4000,ARI@TEN,TEN,ARI,IR,Knee - acl,,TE/FLEX
63499-59455,TE,Sammis,Sammis Reyes,Reyes,,,4000,LAC@WAS,WAS,LAC,,,,TE/FLEX
63499-30787,TE,Alex,Alex Ellis,Ellis,0,1,4000,BAL@LV,LV,BAL,Q,Undisclosed,,TE/FLEX
63499-65607,TE,Jacob,Jacob Harris,Harris,,,4000,CHI@LAR,LAR,CHI,,,,TE/FLEX
63499-63565,TE,Jake,Jake Breeland,Breeland,0,1,4000,BAL@LV,BAL,LV,Q,Knee - acl,,TE/FLEX
63499-30800,TE,Jason,Jason Croom,Croom,6.800000191,1,4000,PHI@ATL,PHI,ATL,IR,Knee,,TE/FLEX
63499-71767,TE,Caleb,Caleb Wilson,Wilson,0,1,4000,LAC@WAS,WAS,LAC,,,,TE/FLEX
63499-80011,TE,Antony,Antony Auclair,Auclair,0,1,4000,JAC@HOU,HOU,JAC,,,,TE/FLEX
63499-32957,TE,Eric,Eric Tomlinson,Tomlinson,0,2,4000,BAL@LV,BAL,LV,,,,TE/FLEX
63499-65737,TE,Sam,Sam Tecklenburg,Tecklenburg,0,2,4000,NYJ@CAR,CAR,NYJ,,,,TE/FLEX
63499-149708,TE,Zach,Zach Davidson,Davidson,,,4000,MIN@CIN,MIN,CIN,,,,TE/FLEX
63499-149727,TE,Bernhard,Bernhard Seikovits,Seikovits,,,4000,ARI@TEN,ARI,TEN,,,,TE/FLEX
63499-12539,D,Miami,Miami Dolphins,Dolphins,9,16,4000,MIA@NE,MIA,NE,,,,DEF
63499-61693,TE,Danny,Danny Pinter,Pinter,0,1,4000,SEA@IND,IND,SEA,Q,Foot,,TE/FLEX
63499-12547,D,Pittsburgh,Pittsburgh Steelers,Steelers,8.470588235,17,4000,PIT@BUF,PIT,BUF,,,,DEF
63499-12551,D,Tampa Bay,Tampa Bay Buccaneers,Buccaneers,7.75,20,4000,DAL@TB,TB,DAL,,,,DEF
63499-69898,TE,Artayvious,Artayvious Lynn,Lynn,,,4000,DAL@TB,DAL,TB,,,,TE/FLEX
63499-90398,TE,Matt,Matt Bushman,Bushman,,,4000,BAL@LV,LV,BAL,,,,TE/FLEX
63499-149827,TE,Nick,Nick Guggemos,Guggemos,,,4000,LAC@WAS,WAS,LAC,,,,TE/FLEX
63499-149832,TE,Shane,Shane Zylstra,Zylstra,,,4000,SF@DET,DET,SF,,,,TE/FLEX
63499-63839,TE,Tyler,Tyler Mabry,Mabry,0,1,4000,SEA@IND,SEA,IND,,,,TE/FLEX
63499-63841,TE,Matt,Matt Seybert,Seybert,,,4000,LAC@WAS,LAC,WAS,,,,TE/FLEX
63499-94609,TE,Pro,Pro Wells,Wells,,,4000,MIN@CIN,CIN,MIN,,,,TE/FLEX
63499-64023,TE,Kyle,Kyle Markway,Markway,0,1,4000,CLE@KC,CLE,KC,,,,TE/FLEX
63499-14895,TE,Patrick,Patrick Scales,Scales,0,2,4000,CHI@LAR,CHI,LAR,,,,TE/FLEX
63499-68155,TE,Codey,Codey McElroy,McElroy,3.5,1,4000,DAL@TB,TB,DAL,,,,TE/FLEX
63499-41552,TE,Dylan,Dylan Cantrell,Cantrell,0,2,4000,LAC@WAS,WAS,LAC,IR,Undisclosed,,TE/FLEX
63499-55895,TE,Kendall,Kendall Blanton,Blanton,0,2,4000,CHI@LAR,LAR,CHI,,,,TE/FLEX
63499-64088,TE,Cheyenne,Cheyenne O'Grady,O'Grady,,,4000,MIN@CIN,CIN,MIN,,,,TE/FLEX
63499-29277,TE,Stephen,Stephen Anderson,Anderson,3.650000095,4,4000,LAC@WAS,LAC,WAS,,,,TE/FLEX
63499-47788,TE,Deon,Deon Yelder,Yelder,1.183333317,6,4000,DAL@TB,TB,DAL,,,,TE/FLEX
63499-62127,TE,Cole,Cole Hikutini,Hikutini,0,1,4000,DEN@NYG,NYG,DEN,Q,Hip,,TE/FLEX
63499-70342,TE,Temarrick,Temarrick Hemingway,Hemingway,0.5,3,4000,LAC@WAS,WAS,LAC,,,,TE/FLEX
63499-29390,TE,Evan,Evan Baylis,Baylis,0,2,4000,CLE@KC,KC,CLE,Q,Ankle,,TE/FLEX
63499-64221,TE,Zach,Zach Gentry,Gentry,0,1,4000,PIT@BUF,PIT,BUF,,,,TE/FLEX
63499-54011,TE,Austin,Austin Fort,Fort,0,1,4000,DEN@NYG,DEN,NYG,,,,TE/FLEX
63499-70426,TE,Reggie,Reggie Gilliam,Gilliam,4.300000191,2,4000,PIT@BUF,BUF,PIT,,,,TE/FLEX
63499-58189,TE,Mitchell,Mitchell Fraboni,Fraboni,,,4000,JAC@HOU,HOU,JAC,,,,TE/FLEX
63499-66402,TE,Jack,Jack Driscoll,Driscoll,0,1,4000,PHI@ATL,PHI,ATL,IR,Undisclosed,,TE/FLEX
63499-23435,TE,Andrew,Andrew DePaola,DePaola,,,4000,MIN@CIN,MIN,CIN,,,,TE/FLEX
63499-19342,TE,Demetrius,Demetrius Harris,Harris,0.888888889,9,4000,ARI@TEN,ARI,TEN,,,,TE/FLEX
63499-93075,TE,Hunter,Hunter Long,Long,,,4000,MIA@NE,MIA,NE,,,,TE/FLEX
63499-64408,TE,Nick,Nick Bowers,Bowers,,,4000,BAL@LV,LV,BAL,,,,TE/FLEX
63499-91046,TE,Brock,Brock Wright,Wright,,,4000,SF@DET,DET,SF,,,,TE/FLEX
63499-70604,TE,John,John Raine,Raine,,,4000,PHI@ATL,ATL,PHI,,,,TE/FLEX
63499-93143,TE,Noah,Noah Gray,Gray,,,4000,CLE@KC,KC,CLE,,,,TE/FLEX
63499-72665,TE,Kenny,Kenny Yeboah,Yeboah,,,4000,NYJ@CAR,NYJ,CAR,,,,TE/FLEX
63499-43993,TE,Andrew,Andrew Vollert,Vollert,0,1,4000,SEA@IND,IND,SEA,IR,Ankle,,TE/FLEX
63499-54239,TE,Matt,Matt Sokol,Sokol,0,1,4000,JAC@HOU,JAC,HOU,,,,TE/FLEX
63499-70658,TE,Cary,Cary Angeline,Angeline,,,4000,PHI@ATL,PHI,ATL,,,,TE/FLEX
63499-27672,TE,Matt,Matt LaCosse,LaCosse,0,1,4000,MIA@NE,NE,MIA,,,,TE/FLEX
63499-29725,TE,Levine,Levine Toilolo,Toilolo,1.183333317,6,4000,DEN@NYG,NYG,DEN,IR,Achilles,,TE/FLEX
63499-62505,TE,MyCole,MyCole Pruitt,Pruitt,5.079999924,5,4000,ARI@TEN,TEN,ARI,,,,TE/FLEX
63499-64603,TE,Farrod,Farrod Green,Green,0,1,4000,SEA@IND,IND,SEA,,,,TE/FLEX
63499-42077,TE,James,James Winchester,Winchester,0,1,4000,CLE@KC,KC,CLE,,,,TE/FLEX
63499-46177,TE,David,David Wells,Wells,,,4000,PHI@ATL,ATL,PHI,,,,TE/FLEX
63499-46200,TE,Daniel,Daniel Brunskill,Brunskill,0,1,4000,SF@DET,SF,DET,,,,TE/FLEX
63499-158851,TE,Graham,Graham Adomitis,Adomitis,,,4000,SEA@IND,IND,SEA,,,,TE/FLEX
63499-58499,TE,Parker,Parker Hesse,Hesse,,,4000,PHI@ATL,ATL,PHI,IR,Undisclosed,,TE/FLEX
63499-54426,TE,Andrew,Andrew Beck,Beck,0,1,4000,DEN@NYG,DEN,NYG,,,,TE/FLEX
63499-83117,TE,Tanner,Tanner Hudson,Hudson,1.119999981,5,4000,SF@DET,SF,DET,,,,TE/FLEX
63499-9409,TE,Clark,Clark Harris,Harris,0,1,4000,MIN@CIN,CIN,MIN,,,,TE/FLEX
63499-52461,TE,Carson,Carson Meier,Meier,0,1,4000,MIA@NE,MIA,NE,,,,TE/FLEX
63499-130286,TE,Ben,Ben Ellefson,Ellefson,0.875,4,4000,MIN@CIN,MIN,CIN,,,,TE/FLEX
63499-52468,TE,Ethan,Ethan Wolf,Wolf,0,1,4000,GB@NO,NO,GB,,,,TE/FLEX
63499-64762,TE,Nakia,Nakia Griffin-Stewart,Griffin-Stewart,,,4000,DEN@NYG,NYG,DEN,,,,TE/FLEX
63499-62718,TE,Daniel,Daniel Brown,Brown,1.024999976,4,4000,NYJ@CAR,NYJ,CAR,,,,TE/FLEX
63499-29956,TE,Joshua,Joshua Perkins,Perkins,0,1,4000,SF@DET,SF,DET,,,,TE/FLEX
63499-34073,TE,Ryan,Ryan Griffin,Griffin,2.620000076,5,4000,NYJ@CAR,NYJ,CAR,,,,TE/FLEX
63499-60699,TE,Kalif,Kalif Jackson,Jackson,,,4000,MIA@NE,MIA,NE,,,,TE/FLEX
63499-83226,TE,Kevin,Kevin Rader,Rader,0,2,4000,PIT@BUF,PIT,BUF,,,,TE/FLEX
63499-68895,TE,Bruno,Bruno Labelle,Labelle,,,4000,ARI@TEN,ARI,TEN,IR,Undisclosed,,TE/FLEX
63499-66857,TE,Jibri,Jibri Blount,Blount,,,4000,MIA@NE,MIA,NE,,,,TE/FLEX
63499-138552,TE,Connor,Connor Davis,Davis,0,1,4000,CLE@KC,CLE,KC,IR,Shoulder,,TE/FLEX
63499-25957,TE,J.P.,J.P. Holtz,Holtz,0,7,4000,CHI@LAR,CHI,LAR,,,,TE/FLEX
63499-68975,TE,Josh,Josh Pederson,Pederson,,,4000,GB@NO,NO,GB,,,,TE/FLEX
63499-60788,TE,Nick,Nick Ralston,Ralston,,,4000,DAL@TB,DAL,TB,,,,TE/FLEX
63499-60791,TE,Tommy,Tommy Hudson,Hudson,,,4000,ARI@TEN,TEN,ARI,,,,TE/FLEX
63499-87422,TE,Dom,Dom Wood-Anderson,Wood-Anderson,0,1,4000,SEA@IND,SEA,IND,,,,TE/FLEX
63499-71048,TE,Thaddeus,Thaddeus Moss,Moss,0,1,4000,MIN@CIN,CIN,MIN,,,,TE/FLEX
63499-97672,TE,Carson,Carson Williams,Williams,,,4000,BAL@LV,LV,BAL,,,,TE/FLEX
63499-40371,TE,Johnny,Johnny Mundt,Mundt,2.433333397,3,4000,CHI@LAR,LAR,CHI,,,,TE/FLEX
63499-73147,TE,Nick,Nick Eubanks,Eubanks,,,4000,PHI@ATL,PHI,ATL,,,,TE/FLEX
63499-69069,TE,Tony,Tony Poljan,Poljan,,,4000,BAL@LV,BAL,LV,,,,TE/FLEX
63499-73172,TE,Jake,Jake Hausmann,Hausmann,,,4000,DEN@NYG,NYG,DEN,,,,TE/FLEX
63499-54746,TE,Tyler,Tyler Ott,Ott,0,1,4000,SEA@IND,SEA,IND,,,,TE/FLEX
63499-71143,TE,Kylen,Kylen Granson,Granson,,,4000,SEA@IND,IND,SEA,,,,TE/FLEX
63499-89588,TE,Colby,Colby Parkinson,Parkinson,1.299999952,2,4000,SEA@IND,SEA,IND,IR,Foot,,TE/FLEX
63499-62981,TE,Eli,Eli Wolf,Wolf,0,1,4000,BAL@LV,BAL,LV,,,,TE/FLEX
63499-73266,TE,Dylan,Dylan Soehner,Soehner,,,4000,GB@NO,NO,GB,IR,Undisclosed,,TE/FLEX
63499-46644,TE,Paul,Paul Quessenberry,Quessenberry,0,1,4000,JAC@HOU,HOU,JAC,,,,TE/FLEX
63499-69173,TE,Hunter,Hunter Kampmoyer,Kampmoyer,,,4000,LAC@WAS,LAC,WAS,,,,TE/FLEX
63499-60981,TE,Charlie,Charlie Heck,Heck,0.800000012,1,4000,JAC@HOU,HOU,JAC,IR,Undisclosed,,TE/FLEX
63499-60984,TE,Jake,Jake Bargas,Bargas,,,4000,MIN@CIN,MIN,CIN,,,,TE/FLEX
63499-30272,TE,Colin,Colin Thompson,Thompson,2.399999936,3,4000,NYJ@CAR,CAR,NYJ,,,,TE/FLEX
63499-104008,TE,Stephen,Stephen Carlson,Carlson,0.449999988,8,4000,CLE@KC,CLE,KC,IR,Knee,,TE/FLEX
63499-104019,TE,Matt,Matt Orzech,Orzech,0,1,4000,CHI@LAR,LAR,CHI,,,,TE/FLEX
63499-56947,TE,Chris,Chris Myarick,Myarick,0,1,4000,DEN@NYG,NYG,DEN,,,,TE/FLEX
63499-38528,TE,Tyrone,Tyrone Swoopes,Swoopes,0,1,4000,LAC@WAS,WAS,LAC,IR,Undisclosed,,TE/FLEX
63499-87690,TE,Sal,Sal Cannella,Cannella,,,4000,MIA@NE,MIA,NE,,,,TE/FLEX
63499-65182,TE,Mitchell,Mitchell Wilcox,Wilcox,0,1,4000,MIN@CIN,CIN,MIN,,,,TE/FLEX
63499-69326,TE,Isaac,Isaac Nauta,Nauta,0.266666671,3,4000,GB@NO,GB,NO,Q,Undisclosed,,TE/FLEX
63499-63189,TE,Hunter,Hunter Thedford,Thedford,,,4000,SF@DET,DET,SF,,,,TE/FLEX
63499-71386,TE,Jordan,Jordan Thomas,Thomas,1.700000048,4,4000,SEA@IND,IND,SEA,Q,Undisclosed,,TE/FLEX
63499-61172,TE,Tyler,Tyler Davis,Davis,0,2,4000,SEA@IND,IND,SEA,,,,TE/FLEX
63499-95999,TE,Charlie,Charlie Taumoepeau,Taumoepeau,0,1,4000,SF@DET,DET,SF,IR,Neck,,TE/FLEX
63499-65318,TE,Daniel,Daniel Crawford,Crawford,,,4000,GB@NO,GB,NO,,,,TE/FLEX
63499-91945,TE,Cam,Cam Sutton,Sutton,0,2,4000,SEA@IND,SEA,IND,,,,TE/FLEX
63499-40746,TE,Troy,Troy Fumagalli,Fumagalli,2.571428571,7,4000,MIA@NE,NE,MIA,IR,Undisclosed,,TE/FLEX
63499-55099,TE,Ian,Ian Bunting,Bunting,0,1,4000,DAL@TB,DAL,TB,,,,TE/FLEX
63499-38722,TE,Cethan,Cethan Carter,Carter,1.114285742,7,4000,MIA@NE,MIA,NE,Q,Leg,,TE/FLEX
63499-69451,TE,Jack,Jack Stoll,Stoll,,,4000,PHI@ATL,PHI,ATL,,,,TE/FLEX
63499-63321,TE,Rashod,Rashod Berry,Berry,0,1,4000,SF@DET,DET,SF,,,,TE/FLEX
63499-69516,TE,Miller,Miller Forristall,Forristall,,,4000,ARI@TEN,TEN,ARI,,,,TE/FLEX
63499-38805,TE,Marcus,Marcus Baugh,Baugh,0.349999994,2,4000,PIT@BUF,PIT,BUF,,,,TE/FLEX
63499-55209,TE,Nate,Nate Becker,Becker,,,4000,PIT@BUF,BUF,PIT,,,,TE/FLEX
63499-30654,TE,Jerell,Jerell Adams,Adams,0,1,4000,DAL@TB,TB,DAL,,,,TE/FLEX
63499-65477,TE,Giovanni,Giovanni Ricci,Ricci,0,2,4000,NYJ@CAR,CAR,NYJ,,,,TE/FLEX
63499-65492,TE,Dax,Dax Raymond,Raymond,0,1,4000,PIT@BUF,PIT,BUF,Q,Undisclosed,,TE/FLEX
63499-14304,TE,Luke,Luke Stocker,Stocker,0.980000019,10,4000,ARI@TEN,TEN,ARI,,,,TE/FLEX
63499-104421,TE,Jesper,Jesper Horsted,Horsted,0,2,4000,CHI@LAR,CHI,LAR,,,,TE/FLEX
63499-57325,TE,Jordan,Jordan Franks,Franks,0,1,4000,CLE@KC,CLE,KC,,,,TE/FLEX
63499-71673,TE,Scooter,Scooter Harrington,Harrington,,,4000,CHI@LAR,CHI,LAR,,,,TE/FLEX
63499-104447,TE,Jody,Jody Fortson,Fortson,,,4000,CLE@KC,KC,CLE,,,,TE/FLEX
63499-12525,D,Atlanta,Atlanta Falcons,Falcons,4.5,16,3900,PHI@ATL,ATL,PHI,,,,DEF
63499-12527,D,Chicago,Chicago Bears,Bears,5.588235294,17,3900,CHI@LAR,CHI,LAR,,,,DEF
63499-12554,D,Jacksonville,Jacksonville Jaguars,Jaguars,3.375,16,3900,JAC@HOU,JAC,HOU,,,,DEF
63499-12540,D,Minnesota,Minnesota Vikings,Vikings,3.8125,16,3800,MIN@CIN,MIN,CIN,,,,DEF
63499-12545,D,Philadelphia,Philadelphia Eagles,Eagles,6.4375,16,3800,PHI@ATL,PHI,ATL,,,,DEF
63499-12542,D,New Orleans,New Orleans Saints,Saints,7.277777778,18,3700,GB@NO,NO,GB,,,,DEF
63499-12543,D,New York,New York Giants,Giants,6.25,16,3700,DEN@NYG,NYG,DEN,,,,DEF
63499-12526,D,Buffalo,Buffalo Bills,Bills,7.157894737,19,3600,PIT@BUF,BUF,PIT,,,,DEF
63499-12536,D,Kansas City,Kansas City Chiefs,Chiefs,6.368421053,19,3600,CLE@KC,KC,CLE,,,,DEF
63499-12534,D,Tennessee,Tennessee Titans,Titans,4.352941176,17,3500,ARI@TEN,TEN,ARI,,,,DEF
63499-12544,D,New York,New York Jets,Jets,4.1875,16,3500,NYJ@CAR,NYJ,CAR,,,,DEF
63499-12530,D,Dallas,Dallas Cowboys,Cowboys,5,16,3400,DAL@TB,DAL,TB,,,,DEF
63499-12546,D,Arizona,Arizona Cardinals,Cardinals,6.9375,16,3400,ARI@TEN,ARI,TEN,,,,DEF
63499-12556,D,Houston,Houston Texans,Texans,3,16,3400,JAC@HOU,HOU,JAC,,,,DEF
63499-12532,D,Detroit,Detroit Lions,Lions,2.1875,16,3300,SF@DET,DET,SF,,,,DEF
63499-12537,D,Las Vegas,Las Vegas Raiders,Raiders,2.6875,16,3200,BAL@LV,LV,BAL,,,,DEF
63499-12529,D,Cleveland,Cleveland Browns,Browns,6.277777778,18,3100,CLE@KC,CLE,KC,,,,DEF
63499-12528,D,Cincinnati,Cincinnati Bengals,Bengals,2.8125,16,3000,MIN@CIN,CIN,MIN,,,,DEF
